hotel_id,client_id,site_name,request_id,report_id,check_in_date,check_out_date,guest_count
yycza,1c20d88b-215f-4ba1-9930-986c12f88afd,Hyatt,13fcab32-68a5-46ad-b913-ecf58fccdcaf,13fcab32-68a5-46ad-b913-ecf58fccdcaf,2025-09-22,2025-09-26,1
yegzw,1c20d88b-215f-4ba1-9930-986c12f88afd,Hyatt,2959544e-8fe3-458f-9965-9850fbd6ad7a,2959544e-8fe3-458f-9965-9850fbd6ad7a,2025-09-23,2025-09-27,1
calrc,1c20d88b-215f-4ba1-9930-986c12f88afd,Hyatt,5c9a5e7d-2f47-40a3-b660-29986cdf7cc8,5c9a5e7d-2f47-40a3-b660-29986cdf7cc8,2025-09-24,2025-09-28,1
ylwzk,1c20d88b-215f-4ba1-9930-986c12f88afd,Hyatt,d2fd9177-52b9-455a-817c-552320a33584,d2fd9177-52b9-455a-817c-552320a33584,2025-09-25,2025-09-29,1
yxszp,1c20d88b-215f-4ba1-9930-986c12f88afd,Hyatt,9aafc50f-61bf-48a0-b8f5-9aaa09243dde,9aafc50f-61bf-48a0-b8f5-9aaa09243dde,2025-09-26,2025-09-30,1
yvrrv,1c20d88b-215f-4ba1-9930-986c12f88afd,Hyatt,66ff0098-3652-4a31-afd2-50bd8f3c19cc,66ff0098-3652-4a31-afd2-50bd8f3c19cc,2025-09-27,2025-10-01,1
ylwub,1c20d88b-215f-4ba1-9930-986c12f88afd,Hyatt,04c24892-070d-4963-aa30-d424d0f91540,04c24892-070d-4963-aa30-d424d0f91540,2025-09-28,2025-10-02,1
ywgxw,1c20d88b-215f-4ba1-9930-986c12f88afd,Hyatt,db977d14-cbfb-4a15-83e2-1a49b5af09c3,db977d14-cbfb-4a15-83e2-1a49b5af09c3,2025-09-29,2025-10-03,1
yqmzm,1c20d88b-215f-4ba1-9930-986c12f88afd,Hyatt,18da3c1c-ba29-4f7b-bc0b-aead07d0d1d8,18da3c1c-ba29-4f7b-bc0b-aead07d0d1d8,2025-09-30,2025-10-04,1
yowaz,1c20d88b-215f-4ba1-9930-986c12f88afd,Hyatt,d1c8fe65-19ec-481d-b1b9-d3a876b6ff82,d1c8fe65-19ec-481d-b1b9-d3a876b6ff82,2025-10-01,2025-10-05,1
yowzo,1c20d88b-215f-4ba1-9930-986c12f88afd,Hyatt,621a554f-642d-471c-96f7-55711344a3c8,621a554f-642d-471c-96f7-55711344a3c8,2025-10-02,2025-10-06,1
yyzzb,1c20d88b-215f-4ba1-9930-986c12f88afd,Hyatt,56662a14-b08e-4569-9ee9-b1ac261292d6,56662a14-b08e-4569-9ee9-b1ac261292d6,2025-10-03,2025-10-07,1
yyzzm,1c20d88b-215f-4ba1-9930-986c12f88afd,Hyatt,bd11330a-fa42-43fe-867f-1cf3b7734c0b,bd11330a-fa42-43fe-867f-1cf3b7734c0b,2025-10-04,2025-10-08,1
torrt,1c20d88b-215f-4ba1-9930-986c12f88afd,Hyatt,6a0e326e-5a10-45e6-9bc8-4b954a505677,6a0e326e-5a10-45e6-9bc8-4b954a505677,2025-10-05,2025-10-09,1
torph,1c20d88b-215f-4ba1-9930-986c12f88afd,Hyatt,e97fe708-68e7-4f4c-b039-2b2e58e8a637,e97fe708-68e7-4f4c-b039-2b2e58e8a637,2025-10-06,2025-10-10,1
torjd,1c20d88b-215f-4ba1-9930-986c12f88afd,Hyatt,c50341ad-3aa0-4554-9521-44570e9c8b48,c50341ad-3aa0-4554-9521-44570e9c8b48,2025-10-07,2025-10-11,1
yyzjd,1c20d88b-215f-4ba1-9930-986c12f88afd,Hyatt,cf562e5d-14e3-4b48-9222-440be1fc28d9,cf562e5d-14e3-4b48-9222-440be1fc28d9,2025-10-08,2025-10-12,1
yulct,1c20d88b-215f-4ba1-9930-986c12f88afd,Hyatt,6fb23456-c913-4214-a25e-da4be4c1c26d,6fb23456-c913-4214-a25e-da4be4c1c26d,2025-10-09,2025-10-13,1
yulzm,1c20d88b-215f-4ba1-9930-986c12f88afd,Hyatt,7e29ea51-b1bc-4d3b-b37b-7ee3579cec82,7e29ea51-b1bc-4d3b-b37b-7ee3579cec82,2025-10-10,2025-10-14,1
bhmzh,1c20d88b-215f-4ba1-9930-986c12f88afd,Hyatt,db677912-4f85-4cb3-9501-8a7e8ba90268,db677912-4f85-4cb3-9501-8a7e8ba90268,2025-10-11,2025-10-15,1
hsvzh,1c20d88b-215f-4ba1-9930-986c12f88afd,Hyatt,ecd8794b-9a2d-4ebc-a56a-de95779f84d8,ecd8794b-9a2d-4ebc-a56a-de95779f84d8,2025-10-12,2025-10-16,1
bhmhr,1c20d88b-215f-4ba1-9930-986c12f88afd,Hyatt,5ba290fc-c845-4e1a-a267-66adc207508f,5ba290fc-c845-4e1a-a267-66adc207508f,2025-10-13,2025-10-17,1
ancxa,1c20d88b-215f-4ba1-9930-986c12f88afd,Hyatt,f7b1b0b3-e6c5-4ae8-8609-a8059170d628,f7b1b0b3-e6c5-4ae8-8609-a8059170d628,2025-10-14,2025-10-18,1
ancza,1c20d88b-215f-4ba1-9930-986c12f88afd,Hyatt,d57fe4c4-86b4-4f98-9845-efdb73b638f3,d57fe4c4-86b4-4f98-9845-efdb73b638f3,2025-10-15,2025-10-19,1
faizf,1c20d88b-215f-4ba1-9930-986c12f88afd,Hyatt,37e47d0c-f08e-47f2-8a26-746be06122fd,37e47d0c-f08e-47f2-8a26-746be06122fd,2025-10-16,2025-10-20,1
phxaz,1c20d88b-215f-4ba1-9930-986c12f88afd,Hyatt,d72884c8-22bb-45eb-abb1-2aca334beee6,d72884c8-22bb-45eb-abb1-2aca334beee6,2025-10-17,2025-10-21,1
phxxn,1c20d88b-215f-4ba1-9930-986c12f88afd,Hyatt,e8c4898b-7070-4838-bd5e-243dc95acdde,e8c4898b-7070-4838-bd5e-243dc95acdde,2025-10-18,2025-10-22,1
phxxs,1c20d88b-215f-4ba1-9930-986c12f88afd,Hyatt,af298903-1a97-4228-a9b9-65eb398f17c9,af298903-1a97-4228-a9b9-65eb398f17c9,2025-10-19,2025-10-23,1
phxxt,1c20d88b-215f-4ba1-9930-986c12f88afd,Hyatt,ad3a8489-443e-4fb6-ad95-f380ab504cd0,ad3a8489-443e-4fb6-ad95-f380ab504cd0,2025-10-20,2025-10-24,1
phxzf,1c20d88b-215f-4ba1-9930-986c12f88afd,Hyatt,017e070a-fc74-4a10-80e4-3d7112a5fbac,017e070a-fc74-4a10-80e4-3d7112a5fbac,2025-10-21,2025-10-25,1
pgazp,1c20d88b-215f-4ba1-9930-986c12f88afd,Hyatt,24b43d33-7e2e-46f8-a6be-2cf6993c0170,24b43d33-7e2e-46f8-a6be-2cf6993c0170,2025-10-22,2025-10-26,1
phxzd,1c20d88b-215f-4ba1-9930-986c12f88afd,Hyatt,e1b8f0cb-5b25-4e6c-a92f-61889399cd19,e1b8f0cb-5b25-4e6c-a92f-61889399cd19,2025-10-23,2025-10-27,1
phxzn,1c20d88b-215f-4ba1-9930-986c12f88afd,Hyatt,914696d7-866c-43c1-969b-cf51e6f912d7,914696d7-866c-43c1-969b-cf51e6f912d7,2025-10-24,2025-10-28,1
phxzc,1c20d88b-215f-4ba1-9930-986c12f88afd,Hyatt,cc3a883b-7a04-40b0-8d91-48f560221bcc,cc3a883b-7a04-40b0-8d91-48f560221bcc,2025-10-25,2025-10-29,1
phxzg,1c20d88b-215f-4ba1-9930-986c12f88afd,Hyatt,992bc127-4ed3-4d9d-a849-aa1c0eb5328c,992bc127-4ed3-4d9d-a849-aa1c0eb5328c,2025-10-26,2025-10-30,1
phxzm,1c20d88b-215f-4ba1-9930-986c12f88afd,Hyatt,169b2744-069f-4f09-a35a-b71685898dc8,169b2744-069f-4f09-a35a-b71685898dc8,2025-10-27,2025-10-31,1
phxzs,1c20d88b-215f-4ba1-9930-986c12f88afd,Hyatt,c878a529-6c72-4005-9db3-f2d3bc24e6a5,c878a529-6c72-4005-9db3-f2d3bc24e6a5,2025-10-28,2025-11-01,1
scozo,1c20d88b-215f-4ba1-9930-986c12f88afd,Hyatt,064ca5de-7144-4832-862d-19afacaf0a77,064ca5de-7144-4832-862d-19afacaf0a77,2025-10-29,2025-11-02,1
phxzt,1c20d88b-215f-4ba1-9930-986c12f88afd,Hyatt,3a462e08-7b9a-4bc1-a0b2-81b8b03a3075,3a462e08-7b9a-4bc1-a0b2-81b8b03a3075,2025-10-30,2025-11-03,1
phxza,1c20d88b-215f-4ba1-9930-986c12f88afd,Hyatt,816b2fc7-16fa-47ef-adc1-a10f8a41fdd4,816b2fc7-16fa-47ef-adc1-a10f8a41fdd4,2025-10-31,2025-11-04,1
tuszt,1c20d88b-215f-4ba1-9930-986c12f88afd,Hyatt,c1750008-fe07-4514-a7cb-7f51995fdb14,c1750008-fe07-4514-a7cb-7f51995fdb14,2025-11-01,2025-11-05,1
phxrp,1c20d88b-215f-4ba1-9930-986c12f88afd,Hyatt,f372bc8a-6724-47a8-8389-18b6cef3fba9,f372bc8a-6724-47a8-8389-18b6cef3fba9,2025-11-02,2025-11-06,1
scott,1c20d88b-215f-4ba1-9930-986c12f88afd,Hyatt,2c696330-add2-47fb-8e24-893893427147,2c696330-add2-47fb-8e24-893893427147,2025-11-03,2025-11-07,1
sedsh,1c20d88b-215f-4ba1-9930-986c12f88afd,Hyatt,25423224-4bee-4ba4-baa9-20228c8f7ba1,25423224-4bee-4ba4-baa9-20228c8f7ba1,2025-11-04,2025-11-08,1
tusob,1c20d88b-215f-4ba1-9930-986c12f88afd,Hyatt,3a2e784f-98ae-4398-bdb1-f914163082fb,3a2e784f-98ae-4398-bdb1-f914163082fb,2025-11-05,2025-11-09,1
phxub,1c20d88b-215f-4ba1-9930-986c12f88afd,Hyatt,6f896224-cda6-45f7-a559-4c9a6263620f,6f896224-cda6-45f7-a559-4c9a6263620f,2025-11-06,2025-11-10,1
phxdt,1c20d88b-215f-4ba1-9930-986c12f88afd,Hyatt,33340873-a217-4bbb-bdb7-d755e3ceac65,33340873-a217-4bbb-bdb7-d755e3ceac65,2025-11-07,2025-11-11,1
rogxb,1c20d88b-215f-4ba1-9930-986c12f88afd,Hyatt,cb825f6d-9135-42d5-89e7-abc142e40f50,cb825f6d-9135-42d5-89e7-abc142e40f50,2025-11-08,2025-11-12,1
xnazf,1c20d88b-215f-4ba1-9930-986c12f88afd,Hyatt,530b4482-e03c-4096-b0b1-e2b7bc77e6d7,530b4482-e03c-4096-b0b1-e2b7bc77e6d7,2025-11-09,2025-11-13,1
rogzb,1c20d88b-215f-4ba1-9930-986c12f88afd,Hyatt,44097951-36c4-4209-b5fb-128896f9a8e4,44097951-36c4-4209-b5fb-128896f9a8e4,2025-11-10,2025-11-14,1
sanen,1c20d88b-215f-4ba1-9930-986c12f88afd,Hyatt,fca1cb45-3077-47e4-89c6-8f2ff72b8aea,fca1cb45-3077-47e4-89c6-8f2ff72b8aea,2025-11-11,2025-11-15,1
apcal,1c20d88b-215f-4ba1-9930-986c12f88afd,Hyatt,193b4a4e-0467-4940-a03f-cf1678c1db09,193b4a4e-0467-4940-a03f-cf1678c1db09,2025-11-12,2025-11-16,1
sjcal,1c20d88b-215f-4ba1-9930-986c12f88afd,Hyatt,95061265-5401-426f-80cd-739f25c93630,95061265-5401-426f-80cd-739f25c93630,2025-11-13,2025-11-17,1
apcrn,1c20d88b-215f-4ba1-9930-986c12f88afd,Hyatt,cfadc11a-1351-44d4-90da-05d832749ca8,cfadc11a-1351-44d4-90da-05d832749ca8,2025-11-14,2025-11-18,1
sanas,1c20d88b-215f-4ba1-9930-986c12f88afd,Hyatt,3e2880dd-f86b-40e7-a7fd-416079b6f599,3e2880dd-f86b-40e7-a7fd-416079b6f599,2025-11-15,2025-11-19,1
laxss,1c20d88b-215f-4ba1-9930-986c12f88afd,Hyatt,18691d7c-88e9-45c2-9c47-c26c3700e645,18691d7c-88e9-45c2-9c47-c26c3700e645,2025-11-16,2025-11-20,1
sjcjc,1c20d88b-215f-4ba1-9930-986c12f88afd,Hyatt,652ddbe9-2bfa-4810-93bd-9ab93dcf318b,652ddbe9-2bfa-4810-93bd-9ab93dcf318b,2025-11-17,2025-11-21,1
pspsh,1c20d88b-215f-4ba1-9930-986c12f88afd,Hyatt,56eedef7-b0ab-4b20-a74a-319e20112743,56eedef7-b0ab-4b20-a74a-319e20112743,2025-11-18,2025-11-22,1
laxdz,1c20d88b-215f-4ba1-9930-986c12f88afd,Hyatt,22004405-5da3-423b-99f1-5d78052421a8,22004405-5da3-423b-99f1-5d78052421a8,2025-11-19,2025-11-23,1
rnodh,1c20d88b-215f-4ba1-9930-986c12f88afd,Hyatt,0dd769e5-7ed0-460d-8e17-219a266413e0,0dd769e5-7ed0-460d-8e17-219a266413e0,2025-11-20,2025-11-24,1
sfogh,1c20d88b-215f-4ba1-9930-986c12f88afd,Hyatt,8d9971be-b37e-4b38-8abb-cc71c25a4cc0,8d9971be-b37e-4b38-8abb-cc71c25a4cc0,2025-11-21,2025-11-25,1
sfous,1c20d88b-215f-4ba1-9930-986c12f88afd,Hyatt,449c0bd1-c3b2-4f11-87f8-724d8e879615,449c0bd1-c3b2-4f11-87f8-724d8e879615,2025-11-22,2025-11-26,1
sjcja,1c20d88b-215f-4ba1-9930-986c12f88afd,Hyatt,85df344c-2c6b-4da6-95f2-b97526218a7c,85df344c-2c6b-4da6-95f2-b97526218a7c,2025-11-23,2025-11-27,1
sjcdh,1c20d88b-215f-4ba1-9930-986c12f88afd,Hyatt,5a6cd87f-6786-44b8-a898-573addd79077,5a6cd87f-6786-44b8-a898-573addd79077,2025-11-24,2025-11-28,1
laxuf,1c20d88b-215f-4ba1-9930-986c12f88afd,Hyatt,c8bc85ef-31e1-422d-b82b-ba531e8ccd95,c8bc85ef-31e1-422d-b82b-ba531e8ccd95,2025-11-25,2025-11-29,1
sfojd,1c20d88b-215f-4ba1-9930-986c12f88afd,Hyatt,3ce5f651-b1a9-4702-80f3-9df656610419,3ce5f651-b1a9-4702-80f3-9df656610419,2025-11-26,2025-11-30,1
higph,1c20d88b-215f-4ba1-9930-986c12f88afd,Hyatt,70e94c12-19ae-4281-9605-880c029d3076,70e94c12-19ae-4281-9605-880c029d3076,2025-11-27,2025-12-01,1
smfct,1c20d88b-215f-4ba1-9930-986c12f88afd,Hyatt,e5cff835-baa3-4fe3-8a47-2d6c0499fa26,e5cff835-baa3-4fe3-8a47-2d6c0499fa26,2025-11-28,2025-12-02,1
sfofw,1c20d88b-215f-4ba1-9930-986c12f88afd,Hyatt,308e871d-14a4-417e-8329-3e6b9080f270,308e871d-14a4-417e-8329-3e6b9080f270,2025-11-29,2025-12-03,1
sjcct,1c20d88b-215f-4ba1-9930-986c12f88afd,Hyatt,bb3c122f-7859-4c9f-b0c8-2c5c49b85e06,bb3c122f-7859-4c9f-b0c8-2c5c49b85e06,2025-11-30,2025-12-04,1
sjccs,1c20d88b-215f-4ba1-9930-986c12f88afd,Hyatt,69006dfa-b83b-4ba9-8e91-4dea63cd9e93,69006dfa-b83b-4ba9-8e91-4dea63cd9e93,2025-12-01,2025-12-05,1
lgbrp,1c20d88b-215f-4ba1-9930-986c12f88afd,Hyatt,32d01286-5d92-491d-b71f-285b3c6a7f6f,32d01286-5d92-491d-b71f-285b3c6a7f6f,2025-12-02,2025-12-06,1
anaxa,1c20d88b-215f-4ba1-9930-986c12f88afd,Hyatt,7ea5a6ac-b48d-47dd-be37-96462c830362,7ea5a6ac-b48d-47dd-be37-96462c830362,2025-12-03,2025-12-07,1
sfoxs,1c20d88b-215f-4ba1-9930-986c12f88afd,Hyatt,7c951186-43b2-4199-a48a-61ebc8a97b27,7c951186-43b2-4199-a48a-61ebc8a97b27,2025-12-04,2025-12-08,1
snaxc,1c20d88b-215f-4ba1-9930-986c12f88afd,Hyatt,1c1d12cd-1c30-4370-b2cf-4f6114d47113,1c1d12cd-1c30-4370-b2cf-4f6114d47113,2025-12-05,2025-12-09,1
smfxd,1c20d88b-215f-4ba1-9930-986c12f88afd,Hyatt,7f6d41b8-8902-4620-83f4-6239133d57fb,7f6d41b8-8902-4620-83f4-6239133d57fb,2025-12-06,2025-12-10,1
oakxe,1c20d88b-215f-4ba1-9930-986c12f88afd,Hyatt,e4daa2f9-1a69-44cb-b41e-f613c3e5ae98,e4daa2f9-1a69-44cb-b41e-f613c3e5ae98,2025-12-07,2025-12-11,1
snaxi,1c20d88b-215f-4ba1-9930-986c12f88afd,Hyatt,9eb59256-3c77-4d33-91f2-c03e0b4295bc,9eb59256-3c77-4d33-91f2-c03e0b4295bc,2025-12-08,2025-12-12,1
laxxu,1c20d88b-215f-4ba1-9930-986c12f88afd,Hyatt,b1536d37-d80e-4f4e-af21-46899f9ab8f0,b1536d37-d80e-4f4e-af21-46899f9ab8f0,2025-12-09,2025-12-13,1
laxxl,1c20d88b-215f-4ba1-9930-986c12f88afd,Hyatt,ea4a48e7-27a7-4159-9765-5457efd47bb6,ea4a48e7-27a7-4159-9765-5457efd47bb6,2025-12-10,2025-12-14,1
laxxe,1c20d88b-215f-4ba1-9930-986c12f88afd,Hyatt,a152a53f-5914-4387-b85d-125f1494d07e,a152a53f-5914-4387-b85d-125f1494d07e,2025-12-11,2025-12-15,1
oakxh,1c20d88b-215f-4ba1-9930-986c12f88afd,Hyatt,0dd9d4a0-8d6a-48ca-b007-c5bbdc78b4a2,0dd9d4a0-8d6a-48ca-b007-c5bbdc78b4a2,2025-12-12,2025-12-16,1
oakxp,1c20d88b-215f-4ba1-9930-986c12f88afd,Hyatt,626dc33a-cc74-40f0-b62a-07b6fd1a7725,626dc33a-cc74-40f0-b62a-07b6fd1a7725,2025-12-13,2025-12-17,1
sacxs,1c20d88b-215f-4ba1-9930-986c12f88afd,Hyatt,9a87515e-0692-4cd1-9618-37304f57fba5,9a87515e-0692-4cd1-9618-37304f57fba5,2025-12-14,2025-12-18,1
sacxn,1c20d88b-215f-4ba1-9930-986c12f88afd,Hyatt,308e6301-19fd-4e8b-a88e-129d3a02c8bd,308e6301-19fd-4e8b-a88e-129d3a02c8bd,2025-12-15,2025-12-19,1
sanxs,1c20d88b-215f-4ba1-9930-986c12f88afd,Hyatt,8b14ccab-95b1-4429-a3bb-1b6d0e677be6,8b14ccab-95b1-4429-a3bb-1b6d0e677be6,2025-12-16,2025-12-20,1
sjcxs,1c20d88b-215f-4ba1-9930-986c12f88afd,Hyatt,4034d99d-1cde-48a9-ae7e-1da82559a0b1,4034d99d-1cde-48a9-ae7e-1da82559a0b1,2025-12-17,2025-12-21,1
sjcxa,1c20d88b-215f-4ba1-9930-986c12f88afd,Hyatt,8f042ea0-e42a-460c-9e28-c0fb7454cda9,8f042ea0-e42a-460c-9e28-c0fb7454cda9,2025-12-18,2025-12-22,1
sjcxj,1c20d88b-215f-4ba1-9930-986c12f88afd,Hyatt,2715a41f-3980-4620-8fa2-808dfbe9b4d7,2715a41f-3980-4620-8fa2-808dfbe9b4d7,2025-12-19,2025-12-23,1
oakxs,1c20d88b-215f-4ba1-9930-986c12f88afd,Hyatt,4c3905eb-4b51-4308-81d4-d01ec5021011,4c3905eb-4b51-4308-81d4-d01ec5021011,2025-12-20,2025-12-24,1
sjcxc,1c20d88b-215f-4ba1-9930-986c12f88afd,Hyatt,83ad564a-c1ec-4c33-ac60-d59057650c17,83ad564a-c1ec-4c33-ac60-d59057650c17,2025-12-21,2025-12-25,1
oakxv,1c20d88b-215f-4ba1-9930-986c12f88afd,Hyatt,3ccd4fb2-4389-4e9b-ba5f-54c98fdd5a58,3ccd4fb2-4389-4e9b-ba5f-54c98fdd5a58,2025-12-22,2025-12-26,1
palms,1c20d88b-215f-4ba1-9930-986c12f88afd,Hyatt,b940901d-9e4d-44c1-b126-4b7a7b92756c,b940901d-9e4d-44c1-b126-4b7a7b92756c,2025-12-23,2025-12-27,1
anaza,1c20d88b-215f-4ba1-9930-986c12f88afd,Hyatt,48cfce5e-3ef2-4049-be5e-5e0b6f7fec03,48cfce5e-3ef2-4049-be5e-5e0b6f7fec03,2025-12-24,2025-12-28,1
bflzb,1c20d88b-215f-4ba1-9930-986c12f88afd,Hyatt,053e0525-713c-4c46-ba9a-d43628fa1942,053e0525-713c-4c46-ba9a-d43628fa1942,2025-12-25,2025-12-29,1
fatzd,1c20d88b-215f-4ba1-9930-986c12f88afd,Hyatt,fcc27676-eabb-44d4-b231-235127acf483,fcc27676-eabb-44d4-b231-235127acf483,2025-12-26,2025-12-30,1
sfozb,1c20d88b-215f-4ba1-9930-986c12f88afd,Hyatt,9ab30169-a441-4442-886e-b04ad612506d,9ab30169-a441-4442-886e-b04ad612506d,2025-12-27,2025-12-31,1
oakze,1c20d88b-215f-4ba1-9930-986c12f88afd,Hyatt,0bd7f0a6-cd4f-43f1-af62-140978687a08,0bd7f0a6-cd4f-43f1-af62-140978687a08,2025-12-28,2026-01-01,1
sfozf,1c20d88b-215f-4ba1-9930-986c12f88afd,Hyatt,0e84a48a-f5b1-4cee-93fe-bbab30e189dc,0e84a48a-f5b1-4cee-93fe-bbab30e189dc,2025-12-29,2026-01-02,1
fchzn,1c20d88b-215f-4ba1-9930-986c12f88afd,Hyatt,c674ea95-3dd0-48c5-9b2b-72d1c9e7d75f,c674ea95-3dd0-48c5-9b2b-72d1c9e7d75f,2025-12-30,2026-01-03,1
laxzg,1c20d88b-215f-4ba1-9930-986c12f88afd,Hyatt,1193df2d-ca4f-4ec5-9f9a-f3a7b76002af,1193df2d-ca4f-4ec5-9f9a-f3a7b76002af,2025-12-31,2026-01-04,1
laxzl,1c20d88b-215f-4ba1-9930-986c12f88afd,Hyatt,884d8f9a-80b5-40e2-b2ce-f26c5c7eb2a5,884d8f9a-80b5-40e2-b2ce-f26c5c7eb2a5,2026-01-01,2026-01-05,1
laxze,1c20d88b-215f-4ba1-9930-986c12f88afd,Hyatt,b03d075c-394c-424a-acd6-80665babbc4a,b03d075c-394c-424a-acd6-80665babbc4a,2026-01-02,2026-01-06,1
sfozn,1c20d88b-215f-4ba1-9930-986c12f88afd,Hyatt,a4c0f59e-58d8-4f74-93f9-ffe340ae3286,a4c0f59e-58d8-4f74-93f9-ffe340ae3286,2026-01-03,2026-01-07,1
ontzo,1c20d88b-215f-4ba1-9930-986c12f88afd,Hyatt,85b2be6f-6a25-401c-b786-aed75a947a1f,85b2be6f-6a25-401c-b786-aed75a947a1f,2026-01-04,2026-01-08,1
laczp,1c20d88b-215f-4ba1-9930-986c12f88afd,Hyatt,d50a7db7-6b24-4055-8668-48e3586844e8,d50a7db7-6b24-4055-8668-48e3586844e8,2026-01-05,2026-01-09,1
ralzr,1c20d88b-215f-4ba1-9930-986c12f88afd,Hyatt,af4e3678-0aef-4c61-be1b-ad80d9f6365c,af4e3678-0aef-4c61-be1b-ad80d9f6365c,2026-01-06,2026-01-10,1
saczn,1c20d88b-215f-4ba1-9930-986c12f88afd,Hyatt,4e505ab1-2ecf-42bb-b8b6-c7cd733f480a,4e505ab1-2ecf-42bb-b8b6-c7cd733f480a,2026-01-07,2026-01-11,1
saczr,1c20d88b-215f-4ba1-9930-986c12f88afd,Hyatt,aaf2c933-299f-4be3-8924-498556cc98ff,aaf2c933-299f-4be3-8924-498556cc98ff,2026-01-08,2026-01-12,1
saczv,1c20d88b-215f-4ba1-9930-986c12f88afd,Hyatt,ea9fd981-79b1-491a-8f44-e3bed44e19ed,ea9fd981-79b1-491a-8f44-e3bed44e19ed,2026-01-09,2026-01-13,1
crqzs,1c20d88b-215f-4ba1-9930-986c12f88afd,Hyatt,4777e795-f022-4a57-8e41-0e5ea9f4752f,4777e795-f022-4a57-8e41-0e5ea9f4752f,2026-01-10,2026-01-14,1
sfozs,1c20d88b-215f-4ba1-9930-986c12f88afd,Hyatt,233069ff-902e-4f23-beda-d7a5be273c76,233069ff-902e-4f23-beda-d7a5be273c76,2026-01-11,2026-01-15,1
sjcza,1c20d88b-215f-4ba1-9930-986c12f88afd,Hyatt,cd927e0a-9e8e-476f-bf98-e0061d8aa96c,cd927e0a-9e8e-476f-bf98-e0061d8aa96c,2026-01-12,2026-01-16,1
sjczj,1c20d88b-215f-4ba1-9930-986c12f88afd,Hyatt,5f76c0f4-50bb-4cc4-b2de-47cc7fe5fcbc,5f76c0f4-50bb-4cc4-b2de-47cc7fe5fcbc,2026-01-13,2026-01-17,1
sbazs,1c20d88b-215f-4ba1-9930-986c12f88afd,Hyatt,cc00e002-2426-49c6-854b-d9074555da9a,cc00e002-2426-49c6-854b-d9074555da9a,2026-01-14,2026-01-18,1
sjczs,1c20d88b-215f-4ba1-9930-986c12f88afd,Hyatt,00279a99-2c33-46dc-a02e-6ac958899879,00279a99-2c33-46dc-a02e-6ac958899879,2026-01-15,2026-01-19,1
smfzu,1c20d88b-215f-4ba1-9930-986c12f88afd,Hyatt,9884c9b8-6b11-4677-9f14-c8cff53d5de5,9884c9b8-6b11-4677-9f14-c8cff53d5de5,2026-01-16,2026-01-20,1
oakzv,1c20d88b-215f-4ba1-9930-986c12f88afd,Hyatt,decbe158-8d37-4cde-aedc-799d72e6fc49,decbe158-8d37-4cde-aedc-799d72e6fc49,2026-01-17,2026-01-21,1
hunrh,1c20d88b-215f-4ba1-9930-986c12f88afd,Hyatt,bc0bd38b-40f5-46e4-b4c9-e88f8d78a54d,bc0bd38b-40f5-46e4-b4c9-e88f8d78a54d,2026-01-18,2026-01-22,1
champ,1c20d88b-215f-4ba1-9930-986c12f88afd,Hyatt,d5a2cdcf-d6ea-4855-90b1-de848e31bd4a,d5a2cdcf-d6ea-4855-90b1-de848e31bd4a,2026-01-19,2026-01-23,1
snarj,1c20d88b-215f-4ba1-9930-986c12f88afd,Hyatt,b723ef62-5d2a-482e-b9a3-6627c7a6a48a,b723ef62-5d2a-482e-b9a3-6627c7a6a48a,2026-01-20,2026-01-24,1
jolla,1c20d88b-215f-4ba1-9930-986c12f88afd,Hyatt,92fdeb9a-cb34-4ab7-85d2-96bfa2d86987,92fdeb9a-cb34-4ab7-85d2-96bfa2d86987,2026-01-21,2026-01-25,1
lgbrl,1c20d88b-215f-4ba1-9930-986c12f88afd,Hyatt,dc0cab19-f94b-4a2a-8daa-e9e57e7de088,dc0cab19-f94b-4a2a-8daa-e9e57e7de088,2026-01-22,2026-01-26,1
laxla,1c20d88b-215f-4ba1-9930-986c12f88afd,Hyatt,112c0495-cdc1-429c-905d-4b64e0dd69cd,112c0495-cdc1-429c-905d-4b64e0dd69cd,2026-01-23,2026-01-27,1
sanis,1c20d88b-215f-4ba1-9930-986c12f88afd,Hyatt,f3597c5d-bf05-4944-bb81-095833faa689,f3597c5d-bf05-4944-bb81-095833faa689,2026-01-24,2026-01-28,1
mrydm,1c20d88b-215f-4ba1-9930-986c12f88afd,Hyatt,fc34dca2-04ef-4e04-9f55-60ed9e3e9a9b,fc34dca2-04ef-4e04-9f55-60ed9e3e9a9b,2026-01-25,2026-01-29,1
newpo,1c20d88b-215f-4ba1-9930-986c12f88afd,Hyatt,c3b89aea-ea25-4293-8ffb-99c02611838f,c3b89aea-ea25-4293-8ffb-99c02611838f,2026-01-26,2026-01-30,1
alica,1c20d88b-215f-4ba1-9930-986c12f88afd,Hyatt,8e0a4e6b-33cb-4ed9-a891-813567662b70,8e0a4e6b-33cb-4ed9-a891-813567662b70,2026-01-27,2026-01-31,1
sacra,1c20d88b-215f-4ba1-9930-986c12f88afd,Hyatt,ac9cd721-8642-4211-827f-252b59e3abfd,ac9cd721-8642-4211-827f-252b59e3abfd,2026-01-28,2026-02-01,1
sfors,1c20d88b-215f-4ba1-9930-986c12f88afd,Hyatt,095485fe-f597-402a-8cc2-4c4a9ab0d468,095485fe-f597-402a-8cc2-4c4a9ab0d468,2026-01-29,2026-02-02,1
sfobu,1c20d88b-215f-4ba1-9930-986c12f88afd,Hyatt,1f0c1907-be45-4771-bf01-73841597358f,1f0c1907-be45-4771-bf01-73841597358f,2026-01-30,2026-02-03,1
sford,1c20d88b-215f-4ba1-9930-986c12f88afd,Hyatt,b91862e8-4795-4c72-9f7a-bfc926d285c4,b91862e8-4795-4c72-9f7a-bfc926d285c4,2026-01-31,2026-02-04,1
clara,1c20d88b-215f-4ba1-9930-986c12f88afd,Hyatt,ee431b86-8b54-4854-8c3d-c0c77e0916ff,ee431b86-8b54-4854-8c3d-c0c77e0916ff,2026-02-01,2026-02-05,1
sonom,1c20d88b-215f-4ba1-9930-986c12f88afd,Hyatt,1b4c35d4-12e6-4f40-b58c-cdb754b0a2e1,1b4c35d4-12e6-4f40-b58c-cdb754b0a2e1,2026-02-02,2026-02-06,1
valen,1c20d88b-215f-4ba1-9930-986c12f88afd,Hyatt,58b37a58-29a5-4e66-88f9-9838df7d7ff3,58b37a58-29a5-4e66-88f9-9838df7d7ff3,2026-02-03,2026-02-07,1
westl,1c20d88b-215f-4ba1-9930-986c12f88afd,Hyatt,da1cd628-4dc2-44ff-87c3-6186eedfad2a,da1cd628-4dc2-44ff-87c3-6186eedfad2a,2026-02-04,2026-02-08,1
oakub,1c20d88b-215f-4ba1-9930-986c12f88afd,Hyatt,f9525ca8-e930-4c70-86d6-3c474cf455ef,f9525ca8-e930-4c70-86d6-3c474cf455ef,2026-02-05,2026-02-09,1
sanrs,1c20d88b-215f-4ba1-9930-986c12f88afd,Hyatt,1673ea3a-b7fe-4483-bddf-635d5a1acba7,1673ea3a-b7fe-4483-bddf-635d5a1acba7,2026-02-06,2026-02-10,1
sfojg,1c20d88b-215f-4ba1-9930-986c12f88afd,Hyatt,b01b7313-e088-419b-b55f-d4d79a5a7a81,b01b7313-e088-419b-b55f-d4d79a5a7a81,2026-02-07,2026-02-11,1
sbpzp,1c20d88b-215f-4ba1-9930-986c12f88afd,Hyatt,7beb0345-77fd-40df-b1a2-983e23c735dd,7beb0345-77fd-40df-b1a2-983e23c735dd,2026-02-08,2026-02-12,1
sfozc,1c20d88b-215f-4ba1-9930-986c12f88afd,Hyatt,e40be35b-9678-4edf-a9e6-0c2041b37e6d,e40be35b-9678-4edf-a9e6-0c2041b37e6d,2026-02-09,2026-02-13,1
snari,1c20d88b-215f-4ba1-9930-986c12f88afd,Hyatt,545c9855-c99a-450e-94d7-4ff6f7634a8d,545c9855-c99a-450e-94d7-4ff6f7634a8d,2026-02-10,2026-02-14,1
sbars,1c20d88b-215f-4ba1-9930-986c12f88afd,Hyatt,ae5c5c01-f8e1-4948-84db-4c75de691d41,ae5c5c01-f8e1-4948-84db-4c75de691d41,2026-02-11,2026-02-15,1
sanjo,1c20d88b-215f-4ba1-9930-986c12f88afd,Hyatt,0c5f2fd1-a0f0-4f2c-95a3-807f6d4e3498,0c5f2fd1-a0f0-4f2c-95a3-807f6d4e3498,2026-02-12,2026-02-16,1
tvlsn,1c20d88b-215f-4ba1-9930-986c12f88afd,Hyatt,3d24232b-a32a-4486-84c2-b77c5614e223,3d24232b-a32a-4486-84c2-b77c5614e223,2026-02-13,2026-02-17,1
tvlsv,1c20d88b-215f-4ba1-9930-986c12f88afd,Hyatt,3c0c6cc3-49f6-4154-83e0-a34bbed59411,3c0c6cc3-49f6-4154-83e0-a34bbed59411,2026-02-14,2026-02-18,1
sanpa,1c20d88b-215f-4ba1-9930-986c12f88afd,Hyatt,0ccd025d-805f-4154-81d0-1317ed244d3a,0ccd025d-805f-4154-81d0-1317ed244d3a,2026-02-15,2026-02-19,1
lacph,1c20d88b-215f-4ba1-9930-986c12f88afd,Hyatt,cbd80e53-4a3d-438d-8cc2-db7c60980777,cbd80e53-4a3d-438d-8cc2-db7c60980777,2026-02-16,2026-02-20,1
sfojl,1c20d88b-215f-4ba1-9930-986c12f88afd,Hyatt,96cb47ce-9e04-4483-84b0-f678437d7dbe,96cb47ce-9e04-4483-84b0-f678437d7dbe,2026-02-17,2026-02-21,1
sando,1c20d88b-215f-4ba1-9930-986c12f88afd,Hyatt,991dbdf8-ab7b-41c3-bf9c-bdb3b9b80588,991dbdf8-ab7b-41c3-bf9c-bdb3b9b80588,2026-02-18,2026-02-22,1
laxdi,1c20d88b-215f-4ba1-9930-986c12f88afd,Hyatt,d38fec6a-8e6b-4d9e-a4b1-dfde470bc953,d38fec6a-8e6b-4d9e-a4b1-dfde470bc953,2026-02-19,2026-02-23,1
sansw,1c20d88b-215f-4ba1-9930-986c12f88afd,Hyatt,6e64eff9-3549-45a0-b9b4-ba77d6bda304,6e64eff9-3549-45a0-b9b4-ba77d6bda304,2026-02-20,2026-02-24,1
laxth,1c20d88b-215f-4ba1-9930-986c12f88afd,Hyatt,812ea581-2a64-40be-95b5-b10ffc374102,812ea581-2a64-40be-95b5-b10ffc374102,2026-02-21,2026-02-25,1
pspaz,1c20d88b-215f-4ba1-9930-986c12f88afd,Hyatt,608331a4-b810-4341-9c27-c934e81f923a,608331a4-b810-4341-9c27-c934e81f923a,2026-02-22,2026-02-26,1
laxte,1c20d88b-215f-4ba1-9930-986c12f88afd,Hyatt,d6008b89-ce3e-4dcd-a420-d1011fa44501,d6008b89-ce3e-4dcd-a420-d1011fa44501,2026-02-23,2026-02-27,1
sjcac,1c20d88b-215f-4ba1-9930-986c12f88afd,Hyatt,4ce48ba4-a8f1-4afe-9540-aea12ca8ad97,4ce48ba4-a8f1-4afe-9540-aea12ca8ad97,2026-02-24,2026-02-28,1
sfojw,1c20d88b-215f-4ba1-9930-986c12f88afd,Hyatt,ab63399e-b7f2-466f-93df-ade16f1d8c9e,ab63399e-b7f2-466f-93df-ade16f1d8c9e,2026-02-25,2026-03-01,1
sjcjw,1c20d88b-215f-4ba1-9930-986c12f88afd,Hyatt,c5f26940-c643-40d8-b578-d456ef0557c2,c5f26940-c643-40d8-b578-d456ef0557c2,2026-02-26,2026-03-02,1
denoa,1c20d88b-215f-4ba1-9930-986c12f88afd,Hyatt,d0fea5ac-f791-4a6e-87f9-a27fd3faef93,d0fea5ac-f791-4a6e-87f9-a27fd3faef93,2026-02-27,2026-03-03,1
denda,1c20d88b-215f-4ba1-9930-986c12f88afd,Hyatt,e9ecac1e-9d6a-41e3-b2b4-d9b47708af60,e9ecac1e-9d6a-41e3-b2b4-d9b47708af60,2026-02-28,2026-03-04,1
denoc,1c20d88b-215f-4ba1-9930-986c12f88afd,Hyatt,6ba0aee3-febd-43d7-821d-d573a1fa5fcd,6ba0aee3-febd-43d7-821d-d573a1fa5fcd,2026-03-01,2026-03-05,1
dendd,1c20d88b-215f-4ba1-9930-986c12f88afd,Hyatt,04854a90-48d7-40d3-942d-b2a7f0996efe,04854a90-48d7-40d3-942d-b2a7f0996efe,2026-03-02,2026-03-06,1
dendl,1c20d88b-215f-4ba1-9930-986c12f88afd,Hyatt,ef4dc947-1966-42bc-b9ff-7ec01d672bf1,ef4dc947-1966-42bc-b9ff-7ec01d672bf1,2026-03-03,2026-03-07,1
denoy,1c20d88b-215f-4ba1-9930-986c12f88afd,Hyatt,d0b45c6d-e31b-454f-ac99-b3f15dcf37e0,d0b45c6d-e31b-454f-ac99-b3f15dcf37e0,2026-03-04,2026-03-08,1
denoz,1c20d88b-215f-4ba1-9930-986c12f88afd,Hyatt,4d5aea82-5580-4097-84ec-d8a7e0a87ad2,4d5aea82-5580-4097-84ec-d8a7e0a87ad2,2026-03-05,2026-03-09,1
denrd,1c20d88b-215f-4ba1-9930-986c12f88afd,Hyatt,1993f319-4b15-42d3-9142-fd3d728c6a85,1993f319-4b15-42d3-9142-fd3d728c6a85,2026-03-06,2026-03-10,1
egegh,1c20d88b-215f-4ba1-9930-986c12f88afd,Hyatt,38ed1285-0c3f-4df8-a0a3-ea2a08ea21f0,38ed1285-0c3f-4df8-a0a3-ea2a08ea21f0,2026-03-07,2026-03-11,1
denct,1c20d88b-215f-4ba1-9930-986c12f88afd,Hyatt,62ea6325-914e-4669-b40f-df2929268df0,62ea6325-914e-4669-b40f-df2929268df0,2026-03-08,2026-03-12,1
denxb,1c20d88b-215f-4ba1-9930-986c12f88afd,Hyatt,42fbc9ab-b979-4761-980a-acc99cb6026a,42fbc9ab-b979-4761-980a-acc99cb6026a,2026-03-09,2026-03-13,1
cosxa,1c20d88b-215f-4ba1-9930-986c12f88afd,Hyatt,0cd2152c-d9cf-4cc7-9958-b58d46aeb227,0cd2152c-d9cf-4cc7-9958-b58d46aeb227,2026-03-10,2026-03-14,1
denxo,1c20d88b-215f-4ba1-9930-986c12f88afd,Hyatt,d4125030-13f7-4732-88df-daf3a3651846,d4125030-13f7-4732-88df-daf3a3651846,2026-03-11,2026-03-15,1
denxa,1c20d88b-215f-4ba1-9930-986c12f88afd,Hyatt,babbe237-0282-4d29-a85d-d1c031d0e828,babbe237-0282-4d29-a85d-d1c031d0e828,2026-03-12,2026-03-16,1
denxt,1c20d88b-215f-4ba1-9930-986c12f88afd,Hyatt,6e6b09fa-784b-4b03-b391-195dff8f7e89,6e6b09fa-784b-4b03-b391-195dff8f7e89,2026-03-13,2026-03-17,1
denxd,1c20d88b-215f-4ba1-9930-986c12f88afd,Hyatt,1ed18d30-4637-4e00-8524-37a7ca4a697b,1ed18d30-4637-4e00-8524-37a7ca4a697b,2026-03-14,2026-03-18,1
denxl,1c20d88b-215f-4ba1-9930-986c12f88afd,Hyatt,1b308249-148c-4db0-b47b-a1bc1fb72f51,1b308249-148c-4db0-b47b-a1bc1fb72f51,2026-03-15,2026-03-19,1
denzb,1c20d88b-215f-4ba1-9930-986c12f88afd,Hyatt,33782ebc-61d3-434e-9890-c695c206911c,33782ebc-61d3-434e-9890-c695c206911c,2026-03-16,2026-03-20,1
denzp,1c20d88b-215f-4ba1-9930-986c12f88afd,Hyatt,ef5abc5e-4fb0-46da-8739-a145a92b40f8,ef5abc5e-4fb0-46da-8739-a145a92b40f8,2026-03-17,2026-03-21,1
coszc,1c20d88b-215f-4ba1-9930-986c12f88afd,Hyatt,be8045d6-f9d3-4e79-a194-f75e0ff8cea5,be8045d6-f9d3-4e79-a194-f75e0ff8cea5,2026-03-18,2026-03-22,1
denzw,1c20d88b-215f-4ba1-9930-986c12f88afd,Hyatt,cf21d0d4-fe7c-4b0c-b85a-e6b73b9d9ae1,cf21d0d4-fe7c-4b0c-b85a-e6b73b9d9ae1,2026-03-19,2026-03-23,1
denza,1c20d88b-215f-4ba1-9930-986c12f88afd,Hyatt,160cf716-0f55-4315-aeb7-3968c20426a1,160cf716-0f55-4315-aeb7-3968c20426a1,2026-03-20,2026-03-24,1
denzt,1c20d88b-215f-4ba1-9930-986c12f88afd,Hyatt,71bc0f41-e611-4e04-ad36-0c79849e9ec9,71bc0f41-e611-4e04-ad36-0c79849e9ec9,2026-03-21,2026-03-25,1
denzs,1c20d88b-215f-4ba1-9930-986c12f88afd,Hyatt,930c0edb-22cd-4cc5-b8fb-b2f848160214,930c0edb-22cd-4cc5-b8fb-b2f848160214,2026-03-22,2026-03-26,1
denzc,1c20d88b-215f-4ba1-9930-986c12f88afd,Hyatt,756daa72-208a-48f6-ad62-9e61931a18f8,756daa72-208a-48f6-ad62-9e61931a18f8,2026-03-23,2026-03-27,1
denzd,1c20d88b-215f-4ba1-9930-986c12f88afd,Hyatt,5f29a3b1-2034-4dbe-b0a6-edcab943f332,5f29a3b1-2034-4dbe-b0a6-edcab943f332,2026-03-24,2026-03-28,1
denzk,1c20d88b-215f-4ba1-9930-986c12f88afd,Hyatt,8b1572a3-92e3-47dd-96a0-72eb47f2f338,8b1572a3-92e3-47dd-96a0-72eb47f2f338,2026-03-25,2026-03-29,1
denzn,1c20d88b-215f-4ba1-9930-986c12f88afd,Hyatt,743e6644-24cf-4e95-a096-ce6b3595989c,743e6644-24cf-4e95-a096-ce6b3595989c,2026-03-26,2026-03-30,1
denhy,1c20d88b-215f-4ba1-9930-986c12f88afd,Hyatt,a1a87676-5b10-43a7-9b1a-4a499fad3bcf,a1a87676-5b10-43a7-9b1a-4a499fad3bcf,2026-03-27,2026-03-31,1
dencc,1c20d88b-215f-4ba1-9930-986c12f88afd,Hyatt,e2f89b26-5882-4234-9bb1-ee4dec7f80c7,e2f89b26-5882-4234-9bb1-ee4dec7f80c7,2026-03-28,2026-04-01,1
denve,1c20d88b-215f-4ba1-9930-986c12f88afd,Hyatt,7ba3ffc1-afc6-4e18-9b45-3221b884a4cf,7ba3ffc1-afc6-4e18-9b45-3221b884a4cf,2026-03-29,2026-04-02,1
beavc,1c20d88b-215f-4ba1-9930-986c12f88afd,Hyatt,632eaec1-2ea6-43a1-89e6-4a987843a866,632eaec1-2ea6-43a1-89e6-4a987843a866,2026-03-30,2026-04-03,1
beash,1c20d88b-215f-4ba1-9930-986c12f88afd,Hyatt,775db4c0-2c65-4a3f-ad12-c7c4889d6c80,775db4c0-2c65-4a3f-ad12-c7c4889d6c80,2026-03-31,2026-04-04,1
bresh,1c20d88b-215f-4ba1-9930-986c12f88afd,Hyatt,c785d27c-9da3-4f92-ab2f-caa74c64a351,c785d27c-9da3-4f92-ab2f-caa74c64a351,2026-04-01,2026-04-05,1
denoh,1c20d88b-215f-4ba1-9930-986c12f88afd,Hyatt,f52d12e6-61dc-401a-aad9-35287681d0d2,f52d12e6-61dc-401a-aad9-35287681d0d2,2026-04-02,2026-04-06,1
denom,1c20d88b-215f-4ba1-9930-986c12f88afd,Hyatt,ba995395-c529-4c4e-8188-ebcb97be79af,ba995395-c529-4c4e-8188-ebcb97be79af,2026-04-03,2026-04-07,1
beave,1c20d88b-215f-4ba1-9930-986c12f88afd,Hyatt,6c5fd3a6-7131-4206-b44a-2e3bc0f24bab,6c5fd3a6-7131-4206-b44a-2e3bc0f24bab,2026-04-04,2026-04-08,1
denok,1c20d88b-215f-4ba1-9930-986c12f88afd,Hyatt,05bd0d79-744f-44aa-9df8-4c61a53cda76,05bd0d79-744f-44aa-9df8-4c61a53cda76,2026-04-05,2026-04-09,1
dendo,1c20d88b-215f-4ba1-9930-986c12f88afd,Hyatt,ce2e9b67-91be-41eb-ad96-1427abb8bc3b,ce2e9b67-91be-41eb-ad96-1427abb8bc3b,2026-04-06,2026-04-10,1
dends,1c20d88b-215f-4ba1-9930-986c12f88afd,Hyatt,d8b2a86b-fdf2-491c-bc1d-6aff0236b315,d8b2a86b-fdf2-491c-bc1d-6aff0236b315,2026-04-07,2026-04-11,1
denot,1c20d88b-215f-4ba1-9930-986c12f88afd,Hyatt,b5af4479-49d2-4dd4-973e-dd37ec94723b,b5af4479-49d2-4dd4-973e-dd37ec94723b,2026-04-08,2026-04-12,1
denoe,1c20d88b-215f-4ba1-9930-986c12f88afd,Hyatt,3dc1b707-ba6a-48de-89d2-d92d9fe46237,3dc1b707-ba6a-48de-89d2-d92d9fe46237,2026-04-09,2026-04-13,1
denol,1c20d88b-215f-4ba1-9930-986c12f88afd,Hyatt,0b0a3d42-10c5-4491-92e3-84e8168f6e9e,0b0a3d42-10c5-4491-92e3-84e8168f6e9e,2026-04-10,2026-04-14,1
bresr,1c20d88b-215f-4ba1-9930-986c12f88afd,Hyatt,5fc64b3e-ffe5-41c1-8a51-07e79858cf58,5fc64b3e-ffe5-41c1-8a51-07e79858cf58,2026-04-11,2026-04-15,1
denth,1c20d88b-215f-4ba1-9930-986c12f88afd,Hyatt,4566dc0c-9296-43d7-9281-b0fd0ef61e35,4566dc0c-9296-43d7-9281-b0fd0ef61e35,2026-04-12,2026-04-16,1
denoq,1c20d88b-215f-4ba1-9930-986c12f88afd,Hyatt,4bd2fa16-abb1-4fbd-9291-ef302c1eafc3,4bd2fa16-abb1-4fbd-9291-ef302c1eafc3,2026-04-13,2026-04-17,1
denox,1c20d88b-215f-4ba1-9930-986c12f88afd,Hyatt,de710ab9-38ed-4405-8361-ee0ce82e0948,de710ab9-38ed-4405-8361-ee0ce82e0948,2026-04-14,2026-04-18,1
dendv,1c20d88b-215f-4ba1-9930-986c12f88afd,Hyatt,b471d290-a651-4036-bf58-9b78dba89c61,b471d290-a651-4036-bf58-9b78dba89c61,2026-04-15,2026-04-19,1
denog,1c20d88b-215f-4ba1-9930-986c12f88afd,Hyatt,4f96a637-647b-4ec0-a7f2-d53f1c63c1d5,4f96a637-647b-4ec0-a7f2-d53f1c63c1d5,2026-04-16,2026-04-20,1
denos,1c20d88b-215f-4ba1-9930-986c12f88afd,Hyatt,85c8dee7-9b38-4dc3-9911-136d2608bfa6,85c8dee7-9b38-4dc3-9911-136d2608bfa6,2026-04-17,2026-04-21,1
denou,1c20d88b-215f-4ba1-9930-986c12f88afd,Hyatt,a88374ab-098e-4c96-b696-98e2bfdf5da8,a88374ab-098e-4c96-b696-98e2bfdf5da8,2026-04-18,2026-04-22,1
dendw,1c20d88b-215f-4ba1-9930-986c12f88afd,Hyatt,75acd116-e267-449a-9cf8-7ddcd78fa1ba,75acd116-e267-449a-9cf8-7ddcd78fa1ba,2026-04-19,2026-04-23,1
denop,1c20d88b-215f-4ba1-9930-986c12f88afd,Hyatt,34db55a6-447b-42d6-b44f-27def50ce774,34db55a6-447b-42d6-b44f-27def50ce774,2026-04-20,2026-04-24,1
bdlxw,1c20d88b-215f-4ba1-9930-986c12f88afd,Hyatt,be1e1503-0bb2-491c-ac8e-1f5872e7a3f9,be1e1503-0bb2-491c-ac8e-1f5872e7a3f9,2026-04-21,2026-04-25,1
ispxs,1c20d88b-215f-4ba1-9930-986c12f88afd,Hyatt,6f3b9d35-3afd-4c35-8862-d61f040367e8,6f3b9d35-3afd-4c35-8862-d61f040367e8,2026-04-22,2026-04-26,1
bdlzm,1c20d88b-215f-4ba1-9930-986c12f88afd,Hyatt,e6450ea3-6b28-4d0c-9d2d-2b628fdbe5da,e6450ea3-6b28-4d0c-9d2d-2b628fdbe5da,2026-04-23,2026-04-27,1
bdlzy,1c20d88b-215f-4ba1-9930-986c12f88afd,Hyatt,f94c4e34-1d2a-441d-8be7-3d680eceab59,f94c4e34-1d2a-441d-8be7-3d680eceab59,2026-04-24,2026-04-28,1
bdrzu,1c20d88b-215f-4ba1-9930-986c12f88afd,Hyatt,76416111-1189-4efd-ae4c-e00ad96cf182,76416111-1189-4efd-ae4c-e00ad96cf182,2026-04-25,2026-04-29,1
gwich,1c20d88b-215f-4ba1-9930-986c12f88afd,Hyatt,47c16477-dc3d-4daa-9ae3-002d1da10927,47c16477-dc3d-4daa-9ae3-002d1da10927,2026-04-26,2026-04-30,1
wasgh,1c20d88b-215f-4ba1-9930-986c12f88afd,Hyatt,36d4ab6d-52a2-41b5-af58-787234a5a5c1,36d4ab6d-52a2-41b5-af58-787234a5a5c1,2026-04-27,2026-05-01,1
wasxs,1c20d88b-215f-4ba1-9930-986c12f88afd,Hyatt,ff7d445e-69e8-4d04-b487-b49d96b7c3e1,ff7d445e-69e8-4d04-b487-b49d96b7c3e1,2026-04-28,2026-05-02,1
waszm,1c20d88b-215f-4ba1-9930-986c12f88afd,Hyatt,a955fcea-6cc6-4a1b-9649-a84af9c1f16e,a955fcea-6cc6-4a1b-9649-a84af9c1f16e,2026-04-29,2026-05-03,1
waszc,1c20d88b-215f-4ba1-9930-986c12f88afd,Hyatt,4e6290e7-6bb1-4ec6-8541-f6714740e5ed,4e6290e7-6bb1-4ec6-8541-f6714740e5ed,2026-04-30,2026-05-04,1
waszd,1c20d88b-215f-4ba1-9930-986c12f88afd,Hyatt,02c06f77-8fbe-48b1-a4ad-3c2284018c8c,02c06f77-8fbe-48b1-a4ad-3c2284018c8c,2026-05-01,2026-05-05,1
waszw,1c20d88b-215f-4ba1-9930-986c12f88afd,Hyatt,f6a9b0a5-a94f-4c54-b378-a2072dd9e1f9,f6a9b0a5-a94f-4c54-b378-a2072dd9e1f9,2026-05-02,2026-05-06,1
wasrw,1c20d88b-215f-4ba1-9930-986c12f88afd,Hyatt,400599e4-e6ed-4bc9-a755-80c8e0bc1b04,400599e4-e6ed-4bc9-a755-80c8e0bc1b04,2026-05-03,2026-05-07,1
wasph,1c20d88b-215f-4ba1-9930-986c12f88afd,Hyatt,6cbad708-c200-4bc9-b6c1-6f2d33130812,6cbad708-c200-4bc9-b6c1-6f2d33130812,2026-05-04,2026-05-08,1
iadth,1c20d88b-215f-4ba1-9930-986c12f88afd,Hyatt,3de9509f-693e-4ac2-bd2b-b2aca9ace111,3de9509f-693e-4ac2-bd2b-b2aca9ace111,2026-05-05,2026-05-09,1
ilgxl,1c20d88b-215f-4ba1-9930-986c12f88afd,Hyatt,b2cddc7a-14e4-4d4c-8d69-20fdec9a9577,b2cddc7a-14e4-4d4c-8d69-20fdec9a9577,2026-05-06,2026-05-10,1
ilgzd,1c20d88b-215f-4ba1-9930-986c12f88afd,Hyatt,1e28ab03-6b66-4075-ab7f-39bbd210bcae,1e28ab03-6b66-4075-ab7f-39bbd210bcae,2026-05-07,2026-05-11,1
ilgzn,1c20d88b-215f-4ba1-9930-986c12f88afd,Hyatt,93856f3e-3830-4a5d-8b37-c348a1f988ce,93856f3e-3830-4a5d-8b37-c348a1f988ce,2026-05-08,2026-05-12,1
phlzw,1c20d88b-215f-4ba1-9930-986c12f88afd,Hyatt,b699aaf3-8920-4d7d-9931-0f55bb792e81,b699aaf3-8920-4d7d-9931-0f55bb792e81,2026-05-09,2026-05-13,1
pbidh,1c20d88b-215f-4ba1-9930-986c12f88afd,Hyatt,890dbb79-da71-4f47-88ce-d9a2ca99a2b6,890dbb79-da71-4f47-88ce-d9a2ca99a2b6,2026-05-10,2026-05-14,1
miadz,1c20d88b-215f-4ba1-9930-986c12f88afd,Hyatt,cfdcbb28-24e8-4c7b-a7ce-b8f774016f47,cfdcbb28-24e8-4c7b-a7ce-b8f774016f47,2026-05-11,2026-05-15,1
tparw,1c20d88b-215f-4ba1-9930-986c12f88afd,Hyatt,672945f4-d9c7-44c8-af12-305f20beb842,672945f4-d9c7-44c8-af12-305f20beb842,2026-05-12,2026-05-16,1
fllyh,1c20d88b-215f-4ba1-9930-986c12f88afd,Hyatt,c17d51a6-60c7-4c41-892b-c4d75a9b6b8d,c17d51a6-60c7-4c41-892b-c4d75a9b6b8d,2026-05-13,2026-05-17,1
miact,1c20d88b-215f-4ba1-9930-986c12f88afd,Hyatt,e40371cc-0c0f-4bb7-876b-a5cba1d6dc4e,e40371cc-0c0f-4bb7-876b-a5cba1d6dc4e,2026-05-14,2026-05-18,1
kwest,1c20d88b-215f-4ba1-9930-986c12f88afd,Hyatt,04f3edd0-2165-49ea-bb06-fd0a513bdb0b,04f3edd0-2165-49ea-bb06-fd0a513bdb0b,2026-05-15,2026-05-19,1
fllct,1c20d88b-215f-4ba1-9930-986c12f88afd,Hyatt,14cc111f-19b0-443a-91ef-5a93b33ada32,14cc111f-19b0-443a-91ef-5a93b33ada32,2026-05-16,2026-05-20,1
miahs,1c20d88b-215f-4ba1-9930-986c12f88afd,Hyatt,c1e4a45e-c60c-4170-9f3a-b05cc8b9686f,c1e4a45e-c60c-4170-9f3a-b05cc8b9686f,2026-05-17,2026-05-21,1
mcoxu,1c20d88b-215f-4ba1-9930-986c12f88afd,Hyatt,17217ad5-21ca-4863-9156-6f053e549cd2,17217ad5-21ca-4863-9156-6f053e549cd2,2026-05-18,2026-05-22,1
fllxd,1c20d88b-215f-4ba1-9930-986c12f88afd,Hyatt,6cd76096-618a-45d1-9f78-c1ff6ffcd0f2,6cd76096-618a-45d1-9f78-c1ff6ffcd0f2,2026-05-19,2026-05-23,1
miaxm,1c20d88b-215f-4ba1-9930-986c12f88afd,Hyatt,a1f9881c-84bb-40c3-8548-a4d9e23fc3b7,a1f9881c-84bb-40c3-8548-a4d9e23fc3b7,2026-05-20,2026-05-24,1
napxn,1c20d88b-215f-4ba1-9930-986c12f88afd,Hyatt,7126b24f-2b51-487d-b713-3b9de1b85a7b,7126b24f-2b51-487d-b713-3b9de1b85a7b,2026-05-21,2026-05-25,1
mcoxi,1c20d88b-215f-4ba1-9930-986c12f88afd,Hyatt,5baa846c-092a-4cbd-b57b-55d4278c6fa8,5baa846c-092a-4cbd-b57b-55d4278c6fa8,2026-05-22,2026-05-26,1
orlxa,1c20d88b-215f-4ba1-9930-986c12f88afd,Hyatt,b4f6fd28-337b-4922-a1fd-84587590f4ef,b4f6fd28-337b-4922-a1fd-84587590f4ef,2026-05-23,2026-05-27,1
tlhxt,1c20d88b-215f-4ba1-9930-986c12f88afd,Hyatt,190ffdf4-9999-4401-b0ac-21e9aebb19a9,190ffdf4-9999-4401-b0ac-21e9aebb19a9,2026-05-24,2026-05-28,1
tpaxw,1c20d88b-215f-4ba1-9930-986c12f88afd,Hyatt,cd409cc3-8148-49aa-9120-d6342914b788,cd409cc3-8148-49aa-9120-d6342914b788,2026-05-25,2026-05-29,1
tpaxd,1c20d88b-215f-4ba1-9930-986c12f88afd,Hyatt,a0eaab74-bfac-4cdc-8e1e-cd9ee1d2b278,a0eaab74-bfac-4cdc-8e1e-cd9ee1d2b278,2026-05-26,2026-05-30,1
orlzu,1c20d88b-215f-4ba1-9930-986c12f88afd,Hyatt,3e1bebd7-461b-411f-82db-04bdd563869a,3e1bebd7-461b-411f-82db-04bdd563869a,2026-05-27,2026-05-31,1
fllzb,1c20d88b-215f-4ba1-9930-986c12f88afd,Hyatt,7720c321-68d4-4003-ad14-7a31cbac5aa7,7720c321-68d4-4003-ad14-7a31cbac5aa7,2026-05-28,2026-06-01,1
napzc,1c20d88b-215f-4ba1-9930-986c12f88afd,Hyatt,16391bbf-0e8c-4c19-b1cc-c04f2bc8a2f2,16391bbf-0e8c-4c19-b1cc-c04f2bc8a2f2,2026-05-29,2026-06-02,1
dabzd,1c20d88b-215f-4ba1-9930-986c12f88afd,Hyatt,ed1f84f3-341c-4b13-9293-6f51fdb42504,ed1f84f3-341c-4b13-9293-6f51fdb42504,2026-05-30,2026-06-03,1
pbizd,1c20d88b-215f-4ba1-9930-986c12f88afd,Hyatt,5fa45446-8ed3-4e33-9cd7-c429a7965935,5fa45446-8ed3-4e33-9cd7-c429a7965935,2026-05-31,2026-06-04,1
fllzd,1c20d88b-215f-4ba1-9930-986c12f88afd,Hyatt,976d0067-6786-4d9a-a66e-464ed55c7ca0,976d0067-6786-4d9a-a66e-464ed55c7ca0,2026-06-01,2026-06-05,1
fllza,1c20d88b-215f-4ba1-9930-986c12f88afd,Hyatt,6abb691c-d724-41b7-84b6-c6250d85b5c9,6abb691c-d724-41b7-84b6-c6250d85b5c9,2026-06-02,2026-06-06,1
fllzp,1c20d88b-215f-4ba1-9930-986c12f88afd,Hyatt,89208706-c008-4411-8198-929715d4c72d,89208706-c008-4411-8198-929715d4c72d,2026-06-03,2026-06-07,1
rswzf,1c20d88b-215f-4ba1-9930-986c12f88afd,Hyatt,8fa70e1b-8378-403a-8ac1-8f11d9be2854,8fa70e1b-8378-403a-8ac1-8f11d9be2854,2026-06-04,2026-06-08,1
gnvzg,1c20d88b-215f-4ba1-9930-986c12f88afd,Hyatt,fe3b4ec2-9832-4471-94d6-9a80b9dff1c7,fe3b4ec2-9832-4471-94d6-9a80b9dff1c7,2026-06-05,2026-06-09,1
jaxzs,1c20d88b-215f-4ba1-9930-986c12f88afd,Hyatt,5dbcd1c0-4f4e-4c91-b5c2-08f52524dec7,5dbcd1c0-4f4e-4c91-b5c2-08f52524dec7,2026-06-06,2026-06-10,1
jaxzj,1c20d88b-215f-4ba1-9930-986c12f88afd,Hyatt,e53c0775-80d8-464c-99c4-6fbb2f3ccde3,e53c0775-80d8-464c-99c4-6fbb2f3ccde3,2026-06-07,2026-06-11,1
mcozl,1c20d88b-215f-4ba1-9930-986c12f88afd,Hyatt,2105a389-da98-467b-b177-def496e18fa1,2105a389-da98-467b-b177-def496e18fa1,2026-06-08,2026-06-12,1
tpazl,1c20d88b-215f-4ba1-9930-986c12f88afd,Hyatt,3a0f8409-a373-446b-838c-bd23b0b5c8ba,3a0f8409-a373-446b-838c-bd23b0b5c8ba,2026-06-09,2026-06-13,1
mcozm,1c20d88b-215f-4ba1-9930-986c12f88afd,Hyatt,e751b9a5-d946-4481-9229-e61d97e2b2a2,e751b9a5-d946-4481-9229-e61d97e2b2a2,2026-06-10,2026-06-14,1
mcoza,1c20d88b-215f-4ba1-9930-986c12f88afd,Hyatt,99e72cfd-ee62-4755-8684-6e6653860699,99e72cfd-ee62-4755-8684-6e6653860699,2026-06-11,2026-06-15,1
miaze,1c20d88b-215f-4ba1-9930-986c12f88afd,Hyatt,5f012db0-1a1e-4e4f-b060-5b0247b94a1a,5f012db0-1a1e-4e4f-b060-5b0247b94a1a,2026-06-12,2026-06-16,1
miazd,1c20d88b-215f-4ba1-9930-986c12f88afd,Hyatt,26776a24-3539-4899-baf9-a0a6e5149072,26776a24-3539-4899-baf9-a0a6e5149072,2026-06-13,2026-06-17,1
orlzl,1c20d88b-215f-4ba1-9930-986c12f88afd,Hyatt,c7fe3589-f4c0-46ab-a616-2aa08a7f8244,c7fe3589-f4c0-46ab-a616-2aa08a7f8244,2026-06-14,2026-06-18,1
orlza,1c20d88b-215f-4ba1-9930-986c12f88afd,Hyatt,da1eb43e-a37b-4f80-8887-a54822c1696f,da1eb43e-a37b-4f80-8887-a54822c1696f,2026-06-15,2026-06-19,1
orlzb,1c20d88b-215f-4ba1-9930-986c12f88afd,Hyatt,4909d2a2-1cd1-4717-b704-e35f7219b0a5,4909d2a2-1cd1-4717-b704-e35f7219b0a5,2026-06-16,2026-06-20,1
ecpzp,1c20d88b-215f-4ba1-9930-986c12f88afd,Hyatt,506f5019-df81-474b-83a3-14b1baaf7e59,506f5019-df81-474b-83a3-14b1baaf7e59,2026-06-17,2026-06-21,1
pnszp,1c20d88b-215f-4ba1-9930-986c12f88afd,Hyatt,901b0643-278a-47bc-8dd3-447fbeacbef9,901b0643-278a-47bc-8dd3-447fbeacbef9,2026-06-18,2026-06-22,1
ecpzs,1c20d88b-215f-4ba1-9930-986c12f88afd,Hyatt,a5407233-eb6d-4c62-a01b-9e58f2f88956,a5407233-eb6d-4c62-a01b-9e58f2f88956,2026-06-19,2026-06-23,1
srqzl,1c20d88b-215f-4ba1-9930-986c12f88afd,Hyatt,8672b366-4c6c-4d72-a2fa-02aef8490be1,8672b366-4c6c-4d72-a2fa-02aef8490be1,2026-06-20,2026-06-24,1
srqza,1c20d88b-215f-4ba1-9930-986c12f88afd,Hyatt,a0121ccb-f151-4451-a05d-dcdc746d13b0,a0121ccb-f151-4451-a05d-dcdc746d13b0,2026-06-21,2026-06-25,1
jaxza,1c20d88b-215f-4ba1-9930-986c12f88afd,Hyatt,174e7d54-e1f8-4122-8c81-35fc153fc60e,174e7d54-e1f8-4122-8c81-35fc153fc60e,2026-06-22,2026-06-26,1
piezd,1c20d88b-215f-4ba1-9930-986c12f88afd,Hyatt,94d83e4a-79f2-46fa-a011-667004c31c69,94d83e4a-79f2-46fa-a011-667004c31c69,2026-06-23,2026-06-27,1
tpazw,1c20d88b-215f-4ba1-9930-986c12f88afd,Hyatt,dccecb61-3641-4db9-882c-717c40a8e549,dccecb61-3641-4db9-882c-717c40a8e549,2026-06-24,2026-06-28,1
tpazd,1c20d88b-215f-4ba1-9930-986c12f88afd,Hyatt,34aa8e72-9470-40b6-947e-0407b38acc42,34aa8e72-9470-40b6-947e-0407b38acc42,2026-06-25,2026-06-29,1
tpazc,1c20d88b-215f-4ba1-9930-986c12f88afd,Hyatt,95298055-31e7-4d23-beda-d4aeb93a16b4,95298055-31e7-4d23-beda-d4aeb93a16b4,2026-06-26,2026-06-30,1
tpazb,1c20d88b-215f-4ba1-9930-986c12f88afd,Hyatt,027b7e5f-bfb7-488f-a06d-8227c5f8d31b,027b7e5f-bfb7-488f-a06d-8227c5f8d31b,2026-06-27,2026-07-01,1
mcozt,1c20d88b-215f-4ba1-9930-986c12f88afd,Hyatt,73c05710-a150-4e35-9698-9c7f908eb325,73c05710-a150-4e35-9698-9c7f908eb325,2026-06-28,2026-07-02,1
pbizw,1c20d88b-215f-4ba1-9930-986c12f88afd,Hyatt,61666a2e-e9d2-4cd3-ac2e-bc54134633a6,61666a2e-e9d2-4cd3-ac2e-bc54134633a6,2026-06-29,2026-07-03,1
pierc,1c20d88b-215f-4ba1-9930-986c12f88afd,Hyatt,16fabf68-2fc0-4b10-a7c1-b7171f33c745,16fabf68-2fc0-4b10-a7c1-b7171f33c745,2026-06-30,2026-07-04,1
naprn,1c20d88b-215f-4ba1-9930-986c12f88afd,Hyatt,9953550c-a4ea-4636-aac5-01cdbd176df2,9953550c-a4ea-4636-aac5-01cdbd176df2,2026-07-01,2026-07-05,1
coral,1c20d88b-215f-4ba1-9930-986c12f88afd,Hyatt,de6bcb90-cf4d-4187-a773-7fcd0e7ce4ac,de6bcb90-cf4d-4187-a773-7fcd0e7ce4ac,2026-07-02,2026-07-06,1
vista,1c20d88b-215f-4ba1-9930-986c12f88afd,Hyatt,fe2bcd11-c2b9-481a-8c6f-d5304b7ad96f,fe2bcd11-c2b9-481a-8c6f-d5304b7ad96f,2026-07-03,2026-07-07,1
jaxrj,1c20d88b-215f-4ba1-9930-986c12f88afd,Hyatt,fd5d21fa-9e27-4075-b931-be7688e621d6,fd5d21fa-9e27-4075-b931-be7688e621d6,2026-07-04,2026-07-08,1
miarm,1c20d88b-215f-4ba1-9930-986c12f88afd,Hyatt,7d7bed87-6930-4f52-bb22-0fed5a680732,7d7bed87-6930-4f52-bb22-0fed5a680732,2026-07-05,2026-07-09,1
mcoro,1c20d88b-215f-4ba1-9930-986c12f88afd,Hyatt,397650d2-7278-47e0-a37a-e21d28eb1c80,397650d2-7278-47e0-a37a-e21d28eb1c80,2026-07-06,2026-07-10,1
orlan,1c20d88b-215f-4ba1-9930-986c12f88afd,Hyatt,c2102fbe-e615-48e7-9884-5ec9d8d083f4,c2102fbe-e615-48e7-9884-5ec9d8d083f4,2026-07-07,2026-07-11,1
srqss,1c20d88b-215f-4ba1-9930-986c12f88afd,Hyatt,9e5d50b7-9b7d-4ffd-bab7-56817bfa4e95,9e5d50b7-9b7d-4ffd-bab7-56817bfa4e95,2026-07-08,2026-07-12,1
napsh,1c20d88b-215f-4ba1-9930-986c12f88afd,Hyatt,96316415-7a74-4928-a8ee-9c9dfc751711,96316415-7a74-4928-a8ee-9c9dfc751711,2026-07-09,2026-07-13,1
keysh,1c20d88b-215f-4ba1-9930-986c12f88afd,Hyatt,ab60373e-e271-4b80-867e-6bcad0e82100,ab60373e-e271-4b80-867e-6bcad0e82100,2026-07-10,2026-07-14,1
kwesh,1c20d88b-215f-4ba1-9930-986c12f88afd,Hyatt,785f2f30-8b0e-415c-8319-32565878bd29,785f2f30-8b0e-415c-8319-32565878bd29,2026-07-11,2026-07-15,1
winsh,1c20d88b-215f-4ba1-9930-986c12f88afd,Hyatt,cb15665c-9d81-41ef-bb1c-a0a2ce3b4943,cb15665c-9d81-41ef-bb1c-a0a2ce3b4943,2026-07-12,2026-07-16,1
fiesh,1c20d88b-215f-4ba1-9930-986c12f88afd,Hyatt,a9cd7fa0-814a-4a92-83d8-d17048643d2b,a9cd7fa0-814a-4a92-83d8-d17048643d2b,2026-07-13,2026-07-17,1
miaob,1c20d88b-215f-4ba1-9930-986c12f88afd,Hyatt,b4b4323f-c159-4c48-aa86-d2d0b4a71b53,b4b4323f-c159-4c48-aa86-d2d0b4a71b53,2026-07-14,2026-07-18,1
savrd,1c20d88b-215f-4ba1-9930-986c12f88afd,Hyatt,0fa59281-8725-4869-a4ca-392fff15c9af,0fa59281-8725-4869-a4ca-392fff15c9af,2026-07-15,2026-07-19,1
atlgh,1c20d88b-215f-4ba1-9930-986c12f88afd,Hyatt,5c8e2d02-7d04-4352-911a-2efa8909d4ab,5c8e2d02-7d04-4352-911a-2efa8909d4ab,2026-07-16,2026-07-20,1
atlct,1c20d88b-215f-4ba1-9930-986c12f88afd,Hyatt,e9bf1881-601f-4620-a12a-cf97c2aefb98,e9bf1881-601f-4620-a12a-cf97c2aefb98,2026-07-17,2026-07-21,1
atlhm,1c20d88b-215f-4ba1-9930-986c12f88afd,Hyatt,7a095b16-16cc-485a-aa17-f9de3167bcfd,7a095b16-16cc-485a-aa17-f9de3167bcfd,2026-07-18,2026-07-22,1
atlxp,1c20d88b-215f-4ba1-9930-986c12f88afd,Hyatt,5d919638-9d0c-4475-ad74-8d8719fc9219,5d919638-9d0c-4475-ad74-8d8719fc9219,2026-07-19,2026-07-23,1
atlxg,1c20d88b-215f-4ba1-9930-986c12f88afd,Hyatt,a85cc59f-9681-449a-8a1c-e299a6c545ee,a85cc59f-9681-449a-8a1c-e299a6c545ee,2026-07-20,2026-07-24,1
atlxd,1c20d88b-215f-4ba1-9930-986c12f88afd,Hyatt,2c5a98ba-e8c0-413b-82ef-14b81a695e31,2c5a98ba-e8c0-413b-82ef-14b81a695e31,2026-07-21,2026-07-25,1
agsxa,1c20d88b-215f-4ba1-9930-986c12f88afd,Hyatt,7a9d447b-f9d5-475a-a608-efb2e5d665d3,7a9d447b-f9d5-475a-a608-efb2e5d665d3,2026-07-22,2026-07-26,1
ahnza,1c20d88b-215f-4ba1-9930-986c12f88afd,Hyatt,d2d180b1-05fa-4c73-8fa9-2273e0bfb6aa,d2d180b1-05fa-4c73-8fa9-2273e0bfb6aa,2026-07-23,2026-07-27,1
atlzt,1c20d88b-215f-4ba1-9930-986c12f88afd,Hyatt,4e655412-daa2-4a15-a033-4a36f70d8907,4e655412-daa2-4a15-a033-4a36f70d8907,2026-07-24,2026-07-28,1
atlzy,1c20d88b-215f-4ba1-9930-986c12f88afd,Hyatt,604ef66b-6308-4a82-8117-3bdd49bf98b2,604ef66b-6308-4a82-8117-3bdd49bf98b2,2026-07-25,2026-07-29,1
atlza,1c20d88b-215f-4ba1-9930-986c12f88afd,Hyatt,84ca0ea5-9cc1-4783-9dae-92458a4d7e24,84ca0ea5-9cc1-4783-9dae-92458a4d7e24,2026-07-26,2026-07-30,1
atlzs,1c20d88b-215f-4ba1-9930-986c12f88afd,Hyatt,2cd88bc6-be13-42e7-ad46-4a09cdd1ebd3,2cd88bc6-be13-42e7-ad46-4a09cdd1ebd3,2026-07-27,2026-07-31,1
atlzm,1c20d88b-215f-4ba1-9930-986c12f88afd,Hyatt,1ebc8e90-e93b-43de-8d81-823d01c34d13,1ebc8e90-e93b-43de-8d81-823d01c34d13,2026-07-28,2026-08-01,1
atlzi,1c20d88b-215f-4ba1-9930-986c12f88afd,Hyatt,8facd0a7-2522-4d55-b6ee-86bf2d793e83,8facd0a7-2522-4d55-b6ee-86bf2d793e83,2026-07-29,2026-08-02,1
atlzb,1c20d88b-215f-4ba1-9930-986c12f88afd,Hyatt,b8a50997-0318-4d9c-a750-5f425b5990f1,b8a50997-0318-4d9c-a750-5f425b5990f1,2026-07-30,2026-08-03,1
atlzg,1c20d88b-215f-4ba1-9930-986c12f88afd,Hyatt,17e089a1-1aff-4da2-8738-464a55635eaf,17e089a1-1aff-4da2-8738-464a55635eaf,2026-07-31,2026-08-04,1
atlzd,1c20d88b-215f-4ba1-9930-986c12f88afd,Hyatt,d8784b37-4d3b-4eaa-b740-97e8fe99b4c2,d8784b37-4d3b-4eaa-b740-97e8fe99b4c2,2026-08-01,2026-08-05,1
atlzj,1c20d88b-215f-4ba1-9930-986c12f88afd,Hyatt,38859a24-100f-4349-bc61-bd9db288a073,38859a24-100f-4349-bc61-bd9db288a073,2026-08-02,2026-08-06,1
atlzn,1c20d88b-215f-4ba1-9930-986c12f88afd,Hyatt,802c5c99-98b9-41b1-a62a-7fc7d66d8779,802c5c99-98b9-41b1-a62a-7fc7d66d8779,2026-08-03,2026-08-07,1
agsza,1c20d88b-215f-4ba1-9930-986c12f88afd,Hyatt,ab1f38d7-7f24-469d-9b60-a7b0f2a3a851,ab1f38d7-7f24-469d-9b60-a7b0f2a3a851,2026-08-04,2026-08-08,1
csgzc,1c20d88b-215f-4ba1-9930-986c12f88afd,Hyatt,df261123-bc93-42d2-acef-0b1c593b3074,df261123-bc93-42d2-acef-0b1c593b3074,2026-08-05,2026-08-09,1
savza,1c20d88b-215f-4ba1-9930-986c12f88afd,Hyatt,19705fee-721e-4833-9938-72b34159492d,19705fee-721e-4833-9938-72b34159492d,2026-08-06,2026-08-10,1
atlra,1c20d88b-215f-4ba1-9930-986c12f88afd,Hyatt,342316b4-80f1-434c-b80c-3cede775ac51,342316b4-80f1-434c-b80c-3cede775ac51,2026-08-07,2026-08-11,1
atlhs,1c20d88b-215f-4ba1-9930-986c12f88afd,Hyatt,09d8048d-97d3-438b-b13e-390d6b2be226,09d8048d-97d3-438b-b13e-390d6b2be226,2026-08-08,2026-08-12,1
savrs,1c20d88b-215f-4ba1-9930-986c12f88afd,Hyatt,5b10261f-7d9c-414e-991f-14c6a1c465e7,5b10261f-7d9c-414e-991f-14c6a1c465e7,2026-08-09,2026-08-13,1
atlrs,1c20d88b-215f-4ba1-9930-986c12f88afd,Hyatt,2549849f-f515-43e9-b407-361677f20a88,2549849f-f515-43e9-b407-361677f20a88,2026-08-10,2026-08-14,1
atlth,1c20d88b-215f-4ba1-9930-986c12f88afd,Hyatt,5457fb6f-895c-4bdb-9594-24ade1b342a0,5457fb6f-895c-4bdb-9594-24ade1b342a0,2026-08-11,2026-08-15,1
savth,1c20d88b-215f-4ba1-9930-986c12f88afd,Hyatt,df17b355-1309-41f3-b965-3f0ab3a9a605,df17b355-1309-41f3-b965-3f0ab3a9a605,2026-08-12,2026-08-16,1
oggaw,1c20d88b-215f-4ba1-9930-986c12f88afd,Hyatt,4f7d7762-b275-47f6-aa45-570cadce434c,4f7d7762-b275-47f6-aa45-570cadce434c,2026-08-13,2026-08-17,1
kauai,1c20d88b-215f-4ba1-9930-986c12f88afd,Hyatt,2ba11288-23c9-45a7-b1af-f7fe96e5e27a,2ba11288-23c9-45a7-b1af-f7fe96e5e27a,2026-08-14,2026-08-18,1
oggal,1c20d88b-215f-4ba1-9930-986c12f88afd,Hyatt,b7841916-0d3c-4d65-bec5-5552f9892b3e,b7841916-0d3c-4d65-bec5-5552f9892b3e,2026-08-15,2026-08-19,1
oggoh,1c20d88b-215f-4ba1-9930-986c12f88afd,Hyatt,2331d934-7567-452a-a77b-6929e4d17c9d,2331d934-7567-452a-a77b-6929e4d17c9d,2026-08-16,2026-08-20,1
hnlct,1c20d88b-215f-4ba1-9930-986c12f88afd,Hyatt,7729c1d3-b1f6-4e34-a158-dab5cf48dce1,7729c1d3-b1f6-4e34-a158-dab5cf48dce1,2026-08-17,2026-08-21,1
hnlzw,1c20d88b-215f-4ba1-9930-986c12f88afd,Hyatt,89ccf48e-776b-4499-ba94-cdfe00b6bc30,89ccf48e-776b-4499-ba94-cdfe00b6bc30,2026-08-18,2026-08-22,1
oggrm,1c20d88b-215f-4ba1-9930-986c12f88afd,Hyatt,073aae71-f016-4f47-a76c-eae748c45ae0,073aae71-f016-4f47-a76c-eae748c45ae0,2026-08-19,2026-08-23,1
hnlrw,1c20d88b-215f-4ba1-9930-986c12f88afd,Hyatt,a86f26f7-f2bd-4d9b-a78c-b92a372464f9,a86f26f7-f2bd-4d9b-a78c-b92a372464f9,2026-08-20,2026-08-24,1
oggsk,1c20d88b-215f-4ba1-9930-986c12f88afd,Hyatt,0de6586e-e4bf-41a5-ad46-80e6458f4516,0de6586e-e4bf-41a5-ad46-80e6458f4516,2026-08-21,2026-08-25,1
jhmob,1c20d88b-215f-4ba1-9930-986c12f88afd,Hyatt,aa578504-4c5f-4df9-a2b6-448693b15078,aa578504-4c5f-4df9-a2b6-448693b15078,2026-08-22,2026-08-26,1
lihov,1c20d88b-215f-4ba1-9930-986c12f88afd,Hyatt,69e69a1a-c1be-4954-a157-4dfa1dc43512,69e69a1a-c1be-4954-a157-4dfa1dc43512,2026-08-23,2026-08-27,1
jhmol,1c20d88b-215f-4ba1-9930-986c12f88afd,Hyatt,3360fce7-1b54-4852-94e5-9c3bb01a4a94,3360fce7-1b54-4852-94e5-9c3bb01a4a94,2026-08-24,2026-08-28,1
oggom,1c20d88b-215f-4ba1-9930-986c12f88afd,Hyatt,cf6cebc7-327c-4224-80fe-338b99681914,cf6cebc7-327c-4224-80fe-338b99681914,2026-08-25,2026-08-29,1
koaoh,1c20d88b-215f-4ba1-9930-986c12f88afd,Hyatt,1d242d0f-83f3-4359-b63e-ff21c4248d39,1d242d0f-83f3-4359-b63e-ff21c4248d39,2026-08-26,2026-08-30,1
koaol,1c20d88b-215f-4ba1-9930-986c12f88afd,Hyatt,e50a46f8-f71f-4c62-8dcb-f425f8097197,e50a46f8-f71f-4c62-8dcb-f425f8097197,2026-08-27,2026-08-31,1
oggoc,1c20d88b-215f-4ba1-9930-986c12f88afd,Hyatt,86c6c7a6-6556-40c5-9efa-42e89161a108,86c6c7a6-6556-40c5-9efa-42e89161a108,2026-08-28,2026-09-01,1
jhmop,1c20d88b-215f-4ba1-9930-986c12f88afd,Hyatt,700a9ce7-83dd-4ef6-ae13-f7a082c8d900,700a9ce7-83dd-4ef6-ae13-f7a082c8d900,2026-08-29,2026-09-02,1
koaoc,1c20d88b-215f-4ba1-9930-986c12f88afd,Hyatt,9387abe0-af83-4696-a7af-6174802f9c37,9387abe0-af83-4696-a7af-6174802f9c37,2026-08-30,2026-09-03,1
lihob,1c20d88b-215f-4ba1-9930-986c12f88afd,Hyatt,b9133dc3-4c1c-4240-9f46-64f200ac97d3,b9133dc3-4c1c-4240-9f46-64f200ac97d3,2026-08-31,2026-09-04,1
oggdh,1c20d88b-215f-4ba1-9930-986c12f88afd,Hyatt,9f240ed1-a2ab-4a8e-9de4-865d15837b6b,9f240ed1-a2ab-4a8e-9de4-865d15837b6b,2026-09-01,2026-09-05,1
oggoi,1c20d88b-215f-4ba1-9930-986c12f88afd,Hyatt,3f48a6aa-5478-42b8-9c87-0680dec35d26,3f48a6aa-5478-42b8-9c87-0680dec35d26,2026-09-02,2026-09-06,1
oggou,1c20d88b-215f-4ba1-9930-986c12f88afd,Hyatt,6417a5b8-510f-4fe1-a273-1b781febeca1,6417a5b8-510f-4fe1-a273-1b781febeca1,2026-09-03,2026-09-07,1
oggow,1c20d88b-215f-4ba1-9930-986c12f88afd,Hyatt,ad1f48ec-abc2-4b52-9c3f-3e48f2fc3d1f,ad1f48ec-abc2-4b52-9c3f-3e48f2fc3d1f,2026-09-04,2026-09-08,1
oggog,1c20d88b-215f-4ba1-9930-986c12f88afd,Hyatt,bb3ea7ea-d11b-4630-81c9-0ac9e3b55b58,bb3ea7ea-d11b-4630-81c9-0ac9e3b55b58,2026-09-05,2026-09-09,1
oggop,1c20d88b-215f-4ba1-9930-986c12f88afd,Hyatt,e2308436-51e2-45c3-868c-79a08edc92bc,e2308436-51e2-45c3-868c-79a08edc92bc,2026-09-06,2026-09-10,1
boizm,1c20d88b-215f-4ba1-9930-986c12f88afd,Hyatt,b6eaab27-7e44-4282-8ac7-9f429eafd11e,b6eaab27-7e44-4282-8ac7-9f429eafd11e,2026-09-07,2026-09-11,1
boizb,1c20d88b-215f-4ba1-9930-986c12f88afd,Hyatt,cc155ed6-8b4b-4a44-a583-37378d8e6686,cc155ed6-8b4b-4a44-a583-37378d8e6686,2026-09-08,2026-09-12,1
boizt,1c20d88b-215f-4ba1-9930-986c12f88afd,Hyatt,018d74b2-aed4-4d02-98db-e12eaf91ea03,018d74b2-aed4-4d02-98db-e12eaf91ea03,2026-09-09,2026-09-13,1
chija,1c20d88b-215f-4ba1-9930-986c12f88afd,Hyatt,1999efbf-eab1-4d7b-a9e6-62a834a9c691,1999efbf-eab1-4d7b-a9e6-62a834a9c691,2026-09-10,2026-09-14,1
chiub,1c20d88b-215f-4ba1-9930-986c12f88afd,Hyatt,3f27a062-5002-4eed-87d8-186c22a92d36,3f27a062-5002-4eed-87d8-186c22a92d36,2026-09-11,2026-09-15,1
chijl,1c20d88b-215f-4ba1-9930-986c12f88afd,Hyatt,0739f052-4a15-468b-b571-5e34f33d0f16,0739f052-4a15-468b-b571-5e34f33d0f16,2026-09-12,2026-09-16,1
chimm,1c20d88b-215f-4ba1-9930-986c12f88afd,Hyatt,a9dd4516-b64d-4a6c-99e0-9aa5feb94c10,a9dd4516-b64d-4a6c-99e0-9aa5feb94c10,2026-09-13,2026-09-17,1
chihl,1c20d88b-215f-4ba1-9930-986c12f88afd,Hyatt,30f77393-6746-4e44-bc32-f93a51d82d2e,30f77393-6746-4e44-bc32-f93a51d82d2e,2026-09-14,2026-09-18,1
chixt,1c20d88b-215f-4ba1-9930-986c12f88afd,Hyatt,cf0bf17b-6f31-4c0f-bf30-583f18f7b73f,cf0bf17b-6f31-4c0f-bf30-583f18f7b73f,2026-09-15,2026-09-19,1
chixo,1c20d88b-215f-4ba1-9930-986c12f88afd,Hyatt,909fc4e6-6b2d-4554-b675-ceb0c55cb0c3,909fc4e6-6b2d-4554-b675-ceb0c55cb0c3,2026-09-16,2026-09-20,1
chixl,1c20d88b-215f-4ba1-9930-986c12f88afd,Hyatt,642587df-057a-4da7-969e-9813b2131a60,642587df-057a-4da7-969e-9813b2131a60,2026-09-17,2026-09-21,1
chixe,1c20d88b-215f-4ba1-9930-986c12f88afd,Hyatt,d0e2b8f4-e477-47e2-a946-8624b43bf902,d0e2b8f4-e477-47e2-a946-8624b43bf902,2026-09-18,2026-09-22,1
chixw,1c20d88b-215f-4ba1-9930-986c12f88afd,Hyatt,d2c4c888-f5f1-4564-9a22-91acb1506d19,d2c4c888-f5f1-4564-9a22-91acb1506d19,2026-09-19,2026-09-23,1
chixs,1c20d88b-215f-4ba1-9930-986c12f88afd,Hyatt,0869d6b4-96a8-42bc-b69f-ba6ade8c8c25,0869d6b4-96a8-42bc-b69f-ba6ade8c8c25,2026-09-20,2026-09-24,1
mlixe,1c20d88b-215f-4ba1-9930-986c12f88afd,Hyatt,bbef6c6b-9795-401d-bdbc-a6fd0b27e62a,bbef6c6b-9795-401d-bdbc-a6fd0b27e62a,2026-09-21,2026-09-25,1
chilo,1c20d88b-215f-4ba1-9930-986c12f88afd,Hyatt,33f6955b-7419-4d16-99ae-8e2398a0e792,33f6955b-7419-4d16-99ae-8e2398a0e792,2026-09-22,2026-09-26,1
piazn,1c20d88b-215f-4ba1-9930-986c12f88afd,Hyatt,bc28495b-16bb-4b76-82c0-3ff633713c87,bc28495b-16bb-4b76-82c0-3ff633713c87,2026-09-23,2026-09-27,1
cmizc,1c20d88b-215f-4ba1-9930-986c12f88afd,Hyatt,4accbe33-292c-4a59-8b9c-2c15d6a58f31,4accbe33-292c-4a59-8b9c-2c15d6a58f31,2026-09-24,2026-09-28,1
chizt,1c20d88b-215f-4ba1-9930-986c12f88afd,Hyatt,90a9ecd6-5884-4815-bb9a-5b70d0055942,90a9ecd6-5884-4815-bb9a-5b70d0055942,2026-09-25,2026-09-29,1
chizk,1c20d88b-215f-4ba1-9930-986c12f88afd,Hyatt,ed889e4c-70f3-45c3-9809-001f84d5e113,ed889e4c-70f3-45c3-9809-001f84d5e113,2026-09-26,2026-09-30,1
chizu,1c20d88b-215f-4ba1-9930-986c12f88afd,Hyatt,ee290b40-fac4-4e3a-beb1-77d18053ca0a,ee290b40-fac4-4e3a-beb1-77d18053ca0a,2026-09-27,2026-10-01,1
chizp,1c20d88b-215f-4ba1-9930-986c12f88afd,Hyatt,ca1fc648-0f22-452f-9fe1-e282bf16e97d,ca1fc648-0f22-452f-9fe1-e282bf16e97d,2026-09-28,2026-10-02,1
chizh,1c20d88b-215f-4ba1-9930-986c12f88afd,Hyatt,6d40e874-a774-4492-bd7e-d31051c98926,6d40e874-a774-4492-bd7e-d31051c98926,2026-09-29,2026-10-03,1
chizi,1c20d88b-215f-4ba1-9930-986c12f88afd,Hyatt,06d63a6d-a23a-43c7-b6d1-9b897024c119,06d63a6d-a23a-43c7-b6d1-9b897024c119,2026-09-30,2026-10-04,1
chizl,1c20d88b-215f-4ba1-9930-986c12f88afd,Hyatt,1e83ad49-c7aa-493d-8d4a-8fc1ddebfbb2,1e83ad49-c7aa-493d-8d4a-8fc1ddebfbb2,2026-10-01,2026-10-05,1
chizm,1c20d88b-215f-4ba1-9930-986c12f88afd,Hyatt,819f9d83-113d-47b6-830a-d40935541879,819f9d83-113d-47b6-830a-d40935541879,2026-10-02,2026-10-06,1
chizw,1c20d88b-215f-4ba1-9930-986c12f88afd,Hyatt,4a82c8cd-102e-4a0b-ba18-786b6a4c1b46,4a82c8cd-102e-4a0b-ba18-786b6a4c1b46,2026-10-03,2026-10-07,1
chizo,1c20d88b-215f-4ba1-9930-986c12f88afd,Hyatt,d0c611b4-2f7a-4d52-9803-469d5601a084,d0c611b4-2f7a-4d52-9803-469d5601a084,2026-10-04,2026-10-08,1
chizd,1c20d88b-215f-4ba1-9930-986c12f88afd,Hyatt,a51de4e3-6987-4127-a287-0203236a6d87,a51de4e3-6987-4127-a287-0203236a6d87,2026-10-05,2026-10-09,1
chizs,1c20d88b-215f-4ba1-9930-986c12f88afd,Hyatt,b15bcdf3-4e56-418c-b596-2b16fd79ce00,b15bcdf3-4e56-418c-b596-2b16fd79ce00,2026-10-06,2026-10-10,1
mlize,1c20d88b-215f-4ba1-9930-986c12f88afd,Hyatt,d4bd8160-774e-453c-934d-0b620dfe3cd1,d4bd8160-774e-453c-934d-0b620dfe3cd1,2026-10-07,2026-10-11,1
chirc,1c20d88b-215f-4ba1-9930-986c12f88afd,Hyatt,d0bdef23-f155-4799-9b42-0c1391542f3b,d0bdef23-f155-4799-9b42-0c1391542f3b,2026-10-08,2026-10-12,1
deerf,1c20d88b-215f-4ba1-9930-986c12f88afd,Hyatt,c4108270-9218-4807-aea6-7483a72b1b93,c4108270-9218-4807-aea6-7483a72b1b93,2026-10-09,2026-10-13,1
lisle,1c20d88b-215f-4ba1-9930-986c12f88afd,Hyatt,246e070c-2876-4e2d-88f6-f4ae3f64679e,246e070c-2876-4e2d-88f6-f4ae3f64679e,2026-10-10,2026-10-14,1
chimc,1c20d88b-215f-4ba1-9930-986c12f88afd,Hyatt,c69a2936-2e89-4260-b02d-14391b4540eb,c69a2936-2e89-4260-b02d-14391b4540eb,2026-10-11,2026-10-15,1
chiro,1c20d88b-215f-4ba1-9930-986c12f88afd,Hyatt,3b79c7e3-36a7-4137-bf4f-c96b6a3551b6,3b79c7e3-36a7-4137-bf4f-c96b6a3551b6,2026-10-12,2026-10-16,1
chirw,1c20d88b-215f-4ba1-9930-986c12f88afd,Hyatt,bff5c69f-4e45-41e7-a920-4171aa2649de,bff5c69f-4e45-41e7-a920-4171aa2649de,2026-10-13,2026-10-17,1
rosem,1c20d88b-215f-4ba1-9930-986c12f88afd,Hyatt,8c1cf3ab-29aa-48bf-874d-9805cbaf4def,8c1cf3ab-29aa-48bf-874d-9805cbaf4def,2026-10-14,2026-10-18,1
chiph,1c20d88b-215f-4ba1-9930-986c12f88afd,Hyatt,4613bb43-acf2-437b-8bad-4f8e4a06c723,4613bb43-acf2-437b-8bad-4f8e4a06c723,2026-10-15,2026-10-19,1
chizf,1c20d88b-215f-4ba1-9930-986c12f88afd,Hyatt,17bf29c3-5507-42d1-b715-63d935c83417,17bf29c3-5507-42d1-b715-63d935c83417,2026-10-16,2026-10-20,1
chith,1c20d88b-215f-4ba1-9930-986c12f88afd,Hyatt,5316f168-23ad-44a0-8010-e599d38771ed,5316f168-23ad-44a0-8010-e599d38771ed,2026-10-17,2026-10-21,1
indxi,1c20d88b-215f-4ba1-9930-986c12f88afd,Hyatt,4bd9087b-9e75-4b15-8b7f-c052b4e726d9,4bd9087b-9e75-4b15-8b7f-c052b4e726d9,2026-10-18,2026-10-22,1
indxf,1c20d88b-215f-4ba1-9930-986c12f88afd,Hyatt,f7282337-24c6-4f93-9a49-865fa75aeb7f,f7282337-24c6-4f93-9a49-865fa75aeb7f,2026-10-19,2026-10-23,1
bmgzb,1c20d88b-215f-4ba1-9930-986c12f88afd,Hyatt,38bb3196-27f0-4d0d-b1b1-65c844aaca6e,38bb3196-27f0-4d0d-b1b1-65c844aaca6e,2026-10-20,2026-10-24,1
sdfzv,1c20d88b-215f-4ba1-9930-986c12f88afd,Hyatt,46e1ac28-b8c9-4048-9132-db7a29f294ef,46e1ac28-b8c9-4048-9132-db7a29f294ef,2026-10-21,2026-10-25,1
fwazn,1c20d88b-215f-4ba1-9930-986c12f88afd,Hyatt,5c9be6c1-9f4e-4ac6-aa61-7754de9a3f3f,5c9be6c1-9f4e-4ac6-aa61-7754de9a3f3f,2026-10-22,2026-10-26,1
indzc,1c20d88b-215f-4ba1-9930-986c12f88afd,Hyatt,cdb630db-f6f7-4098-b7e4-30ce33f9dc93,cdb630db-f6f7-4098-b7e4-30ce33f9dc93,2026-10-23,2026-10-27,1
indzi,1c20d88b-215f-4ba1-9930-986c12f88afd,Hyatt,5d9f92d5-c30f-4a6f-bd0c-d8d9a4b8544d,5d9f92d5-c30f-4a6f-bd0c-d8d9a4b8544d,2026-10-24,2026-10-28,1
indzf,1c20d88b-215f-4ba1-9930-986c12f88afd,Hyatt,744db29f-099a-430e-8f69-672b4eca653c,744db29f-099a-430e-8f69-672b4eca653c,2026-10-25,2026-10-29,1
indza,1c20d88b-215f-4ba1-9930-986c12f88afd,Hyatt,9f3fac29-c3f9-4c67-a925-e6cc4cf89bb8,9f3fac29-c3f9-4c67-a925-e6cc4cf89bb8,2026-10-26,2026-10-30,1
munzm,1c20d88b-215f-4ba1-9930-986c12f88afd,Hyatt,8b976193-432b-44db-af8d-b4b54c53601a,8b976193-432b-44db-af8d-b4b54c53601a,2026-10-27,2026-10-31,1
sbnzm,1c20d88b-215f-4ba1-9930-986c12f88afd,Hyatt,2e44d924-da98-4266-8f26-893e80ef7ebf,2e44d924-da98-4266-8f26-893e80ef7ebf,2026-10-28,2026-11-01,1
indri,1c20d88b-215f-4ba1-9930-986c12f88afd,Hyatt,e241e7d7-9794-4f2f-a1ca-b96a26c75254,e241e7d7-9794-4f2f-a1ca-b96a26c75254,2026-10-29,2026-11-02,1
dsmza,1c20d88b-215f-4ba1-9930-986c12f88afd,Hyatt,cf8b622a-804a-4339-9286-03b03f686387,cf8b622a-804a-4339-9286-03b03f686387,2026-10-30,2026-11-03,1
dsmzd,1c20d88b-215f-4ba1-9930-986c12f88afd,Hyatt,145652ce-efb2-44a5-a62a-5e2116d74d7c,145652ce-efb2-44a5-a62a-5e2116d74d7c,2026-10-31,2026-11-04,1
iowzi,1c20d88b-215f-4ba1-9930-986c12f88afd,Hyatt,5d3f8755-b123-4e93-9260-c37eee9a3ccb,5d3f8755-b123-4e93-9260-c37eee9a3ccb,2026-11-01,2026-11-05,1
dsmzw,1c20d88b-215f-4ba1-9930-986c12f88afd,Hyatt,bba7376d-0567-49e7-a061-e8afe3f1c2a7,bba7376d-0567-49e7-a061-e8afe3f1c2a7,2026-11-02,2026-11-06,1
iowrc,1c20d88b-215f-4ba1-9930-986c12f88afd,Hyatt,c78ef85e-a954-47e9-b6fd-e052d6a542b1,c78ef85e-a954-47e9-b6fd-e052d6a542b1,2026-11-03,2026-11-07,1
ictzw,1c20d88b-215f-4ba1-9930-986c12f88afd,Hyatt,a20ed2ec-cb54-4959-98c9-f02e32b741b9,a20ed2ec-cb54-4959-98c9-f02e32b741b9,2026-11-04,2026-11-08,1
mkczl,1c20d88b-215f-4ba1-9930-986c12f88afd,Hyatt,244ae2ec-27a4-4c22-a88f-2d11d0f505ad,244ae2ec-27a4-4c22-a88f-2d11d0f505ad,2026-11-05,2026-11-09,1
mkczc,1c20d88b-215f-4ba1-9930-986c12f88afd,Hyatt,f81712cc-20e6-49f3-ad7e-1ca0440c5d76,f81712cc-20e6-49f3-ad7e-1ca0440c5d76,2026-11-06,2026-11-10,1
mkczm,1c20d88b-215f-4ba1-9930-986c12f88afd,Hyatt,b35447d2-cf88-4c4e-8dee-ebe31fc21c48,b35447d2-cf88-4c4e-8dee-ebe31fc21c48,2026-11-07,2026-11-11,1
topzt,1c20d88b-215f-4ba1-9930-986c12f88afd,Hyatt,3300325d-368f-439a-b0ab-852abb380861,3300325d-368f-439a-b0ab-852abb380861,2026-11-08,2026-11-12,1
wicrw,1c20d88b-215f-4ba1-9930-986c12f88afd,Hyatt,397bbabd-1725-4d39-ad43-bda8ddd6fb93,397bbabd-1725-4d39-ad43-bda8ddd6fb93,2026-11-09,2026-11-13,1
sdfxl,1c20d88b-215f-4ba1-9930-986c12f88afd,Hyatt,8ab81d78-bf61-4821-85d0-80e97ad66943,8ab81d78-bf61-4821-85d0-80e97ad66943,2026-11-10,2026-11-14,1
bnazg,1c20d88b-215f-4ba1-9930-986c12f88afd,Hyatt,5648cd70-eac4-41cd-a34c-b9ddf71890ab,5648cd70-eac4-41cd-a34c-b9ddf71890ab,2026-11-11,2026-11-15,1
cinza,1c20d88b-215f-4ba1-9930-986c12f88afd,Hyatt,79c6c668-be0f-40e7-a7d7-0075690b5fd0,79c6c668-be0f-40e7-a7d7-0075690b5fd0,2026-11-12,2026-11-16,1
lexzl,1c20d88b-215f-4ba1-9930-986c12f88afd,Hyatt,73f3d547-4f30-4795-b651-b566578eb67d,73f3d547-4f30-4795-b651-b566578eb67d,2026-11-13,2026-11-17,1
sdfze,1c20d88b-215f-4ba1-9930-986c12f88afd,Hyatt,0d706f88-0a91-4823-8dc7-10e2317068b3,0d706f88-0a91-4823-8dc7-10e2317068b3,2026-11-14,2026-11-18,1
lexrl,1c20d88b-215f-4ba1-9930-986c12f88afd,Hyatt,ffbac749-2453-4bfd-a1f7-9e310b9a5717,ffbac749-2453-4bfd-a1f7-9e310b9a5717,2026-11-15,2026-11-19,1
sdfrl,1c20d88b-215f-4ba1-9930-986c12f88afd,Hyatt,a1075f89-cfc4-45db-b36d-3ee86ec19095,a1075f89-cfc4-45db-b36d-3ee86ec19095,2026-11-16,2026-11-20,1
msyrf,1c20d88b-215f-4ba1-9930-986c12f88afd,Hyatt,bfc8976f-52fe-403d-9088-3ad7a054a835,bfc8976f-52fe-403d-9088-3ad7a054a835,2026-11-17,2026-11-21,1
msyxd,1c20d88b-215f-4ba1-9930-986c12f88afd,Hyatt,d405ec07-78b1-4efa-b047-08473142009d,d405ec07-78b1-4efa-b047-08473142009d,2026-11-18,2026-11-22,1
btrzs,1c20d88b-215f-4ba1-9930-986c12f88afd,Hyatt,f79ba204-6b18-4856-bd07-5e3df7c26d75,f79ba204-6b18-4856-bd07-5e3df7c26d75,2026-11-19,2026-11-23,1
msyzc,1c20d88b-215f-4ba1-9930-986c12f88afd,Hyatt,2e94ad33-72f8-4be8-b2a4-e18472d9057d,2e94ad33-72f8-4be8-b2a4-e18472d9057d,2026-11-20,2026-11-24,1
msyrn,1c20d88b-215f-4ba1-9930-986c12f88afd,Hyatt,eee03dc3-cdb4-4caa-955a-0880294c8db5,eee03dc3-cdb4-4caa-955a-0880294c8db5,2026-11-21,2026-11-25,1
msyub,1c20d88b-215f-4ba1-9930-986c12f88afd,Hyatt,d247f584-35aa-4370-ab0a-7e5a2f9a819b,d247f584-35aa-4370-ab0a-7e5a2f9a819b,2026-11-22,2026-11-26,1
pwmzp,1c20d88b-215f-4ba1-9930-986c12f88afd,Hyatt,febce3f4-24c5-47b3-8426-eae785dae65c,febce3f4-24c5-47b3-8426-eae785dae65c,2026-11-23,2026-11-27,1
bwiza,1c20d88b-215f-4ba1-9930-986c12f88afd,Hyatt,f7833537-d7fc-4942-bbb8-4b8db8bcda2b,f7833537-d7fc-4942-bbb8-4b8db8bcda2b,2026-11-24,2026-11-28,1
bwizh,1c20d88b-215f-4ba1-9930-986c12f88afd,Hyatt,da847c6c-39d6-497d-af8d-953829d6a8ae,da847c6c-39d6-497d-af8d-953829d6a8ae,2026-11-25,2026-11-29,1
bwizo,1c20d88b-215f-4ba1-9930-986c12f88afd,Hyatt,f0140da6-4e00-40ce-b634-c145c2b7b14c,f0140da6-4e00-40ce-b634-c145c2b7b14c,2026-11-26,2026-11-30,1
bwizk,1c20d88b-215f-4ba1-9930-986c12f88afd,Hyatt,595b7a13-78f7-4d58-aaa6-67c157f115ee,595b7a13-78f7-4d58-aaa6-67c157f115ee,2026-11-27,2026-12-01,1
iadzr,1c20d88b-215f-4ba1-9930-986c12f88afd,Hyatt,ed58ebe8-5456-4766-97b1-306f4b852962,ed58ebe8-5456-4766-97b1-306f4b852962,2026-11-28,2026-12-02,1
oxbzo,1c20d88b-215f-4ba1-9930-986c12f88afd,Hyatt,bf017b9d-1a48-46ce-92a9-ff01bee798b7,bf017b9d-1a48-46ce-92a9-ff01bee798b7,2026-11-29,2026-12-03,1
bwirb,1c20d88b-215f-4ba1-9930-986c12f88afd,Hyatt,d38b62e6-4502-4e47-af29-51d9e18d5db2,d38b62e6-4502-4e47-af29-51d9e18d5db2,2026-11-30,2026-12-04,1
bethe,1c20d88b-215f-4ba1-9930-986c12f88afd,Hyatt,5d62d721-6853-48c7-86b7-f2e7926aa765,5d62d721-6853-48c7-86b7-f2e7926aa765,2026-12-01,2026-12-05,1
chesa,1c20d88b-215f-4ba1-9930-986c12f88afd,Hyatt,50e55c96-bef9-4c0a-8256-e671fb5acca1,50e55c96-bef9-4c0a-8256-e671fb5acca1,2026-12-02,2026-12-06,1
bosct,1c20d88b-215f-4ba1-9930-986c12f88afd,Hyatt,144805aa-21e2-4158-b159-baffc99e5bd7,144805aa-21e2-4158-b159-baffc99e5bd7,2026-12-03,2026-12-07,1
bosxb,1c20d88b-215f-4ba1-9930-986c12f88afd,Hyatt,9278f401-6d91-46d9-bb93-95dbc8cf0e18,9278f401-6d91-46d9-bb93-95dbc8cf0e18,2026-12-04,2026-12-08,1
bosxw,1c20d88b-215f-4ba1-9930-986c12f88afd,Hyatt,cba94bfe-ba84-457a-8772-12a56af411df,cba94bfe-ba84-457a-8772-12a56af411df,2026-12-05,2026-12-09,1
boszs,1c20d88b-215f-4ba1-9930-986c12f88afd,Hyatt,f6238a74-57d0-4efa-b050-af13f11e77cf,f6238a74-57d0-4efa-b050-af13f11e77cf,2026-12-06,2026-12-10,1
boszb,1c20d88b-215f-4ba1-9930-986c12f88afd,Hyatt,51b17f75-1d1f-4e01-8710-fd6dfbb43f03,51b17f75-1d1f-4e01-8710-fd6dfbb43f03,2026-12-07,2026-12-11,1
boszm,1c20d88b-215f-4ba1-9930-986c12f88afd,Hyatt,a5ceab4c-2be1-40df-aed5-c0e5b3c556f4,a5ceab4c-2be1-40df-aed5-c0e5b3c556f4,2026-12-08,2026-12-12,1
boszr,1c20d88b-215f-4ba1-9930-986c12f88afd,Hyatt,8a1ad93c-4c67-43f4-8f71-55278c16266d,8a1ad93c-4c67-43f4-8f71-55278c16266d,2026-12-09,2026-12-13,1
bosto,1c20d88b-215f-4ba1-9930-986c12f88afd,Hyatt,28da331c-078f-4999-b91d-9213f5ab93d0,28da331c-078f-4999-b91d-9213f5ab93d0,2026-12-10,2026-12-14,1
bosrc,1c20d88b-215f-4ba1-9930-986c12f88afd,Hyatt,25f8797e-12e7-4890-80c7-2bf9cca8bc85,25f8797e-12e7-4890-80c7-2bf9cca8bc85,2026-12-11,2026-12-15,1
bosha,1c20d88b-215f-4ba1-9930-986c12f88afd,Hyatt,68a6f2e8-6e48-473c-8070-b9826daf5478,68a6f2e8-6e48-473c-8070-b9826daf5478,2026-12-12,2026-12-16,1
albob,1c20d88b-215f-4ba1-9930-986c12f88afd,Hyatt,d1229583-adea-4df5-ad18-155d296f8c8b,d1229583-adea-4df5-ad18-155d296f8c8b,2026-12-13,2026-12-17,1
lanxl,1c20d88b-215f-4ba1-9930-986c12f88afd,Hyatt,a1d3344a-1668-48f3-8d2e-7d5b6452d446,a1d3344a-1668-48f3-8d2e-7d5b6452d446,2026-12-14,2026-12-18,1
dtwza,1c20d88b-215f-4ba1-9930-986c12f88afd,Hyatt,87e0c53b-38d8-42db-a4b6-7be974f27cfc,87e0c53b-38d8-42db-a4b6-7be974f27cfc,2026-12-15,2026-12-19,1
dtwzr,1c20d88b-215f-4ba1-9930-986c12f88afd,Hyatt,e28d1e3d-74cf-4998-97bd-1ee1108dbb53,e28d1e3d-74cf-4998-97bd-1ee1108dbb53,2026-12-16,2026-12-20,1
detza,1c20d88b-215f-4ba1-9930-986c12f88afd,Hyatt,578b80c8-29f5-4ec0-86fd-587a8e1f0e2f,578b80c8-29f5-4ec0-86fd-587a8e1f0e2f,2026-12-17,2026-12-21,1
detzl,1c20d88b-215f-4ba1-9930-986c12f88afd,Hyatt,a03f1998-b34b-4386-a95f-d78f8e346b13,a03f1998-b34b-4386-a95f-d78f8e346b13,2026-12-18,2026-12-22,1
dttzh,1c20d88b-215f-4ba1-9930-986c12f88afd,Hyatt,28334fb9-a147-44db-a6bf-4828f1db593a,28334fb9-a147-44db-a6bf-4828f1db593a,2026-12-19,2026-12-23,1
detzu,1c20d88b-215f-4ba1-9930-986c12f88afd,Hyatt,f23208ae-b4a8-42c7-a4ed-f69c68569f8c,f23208ae-b4a8-42c7-a4ed-f69c68569f8c,2026-12-20,2026-12-24,1
fntzf,1c20d88b-215f-4ba1-9930-986c12f88afd,Hyatt,2065a9fd-8a42-438c-9c57-a59b325c92bd,2065a9fd-8a42-438c-9c57-a59b325c92bd,2026-12-21,2026-12-25,1
grrzw,1c20d88b-215f-4ba1-9930-986c12f88afd,Hyatt,f88f5112-a800-4bd9-a59f-30f2123aaf36,f88f5112-a800-4bd9-a59f-30f2123aaf36,2026-12-22,2026-12-26,1
grrzd,1c20d88b-215f-4ba1-9930-986c12f88afd,Hyatt,5e929301-e5d4-44bc-9a7e-ae113af4c50f,5e929301-e5d4-44bc-9a7e-ae113af4c50f,2026-12-23,2026-12-27,1
lanzl,1c20d88b-215f-4ba1-9930-986c12f88afd,Hyatt,1a7e32ff-8f59-416b-b2d7-2a906b6b9903,1a7e32ff-8f59-416b-b2d7-2a906b6b9903,2026-12-24,2026-12-28,1
mspct,1c20d88b-215f-4ba1-9930-986c12f88afd,Hyatt,6a5f98de-3d7c-41fe-9fb7-8334d37a416f,6a5f98de-3d7c-41fe-9fb7-8334d37a416f,2026-12-25,2026-12-29,1
mspxm,1c20d88b-215f-4ba1-9930-986c12f88afd,Hyatt,d8345674-689c-4ae7-bd05-b3a36dd19234,d8345674-689c-4ae7-bd05-b3a36dd19234,2026-12-26,2026-12-30,1
rstxr,1c20d88b-215f-4ba1-9930-986c12f88afd,Hyatt,03db67ca-bb3c-495f-8e4e-35c7d887ebe9,03db67ca-bb3c-495f-8e4e-35c7d887ebe9,2026-12-27,2026-12-31,1
mspza,1c20d88b-215f-4ba1-9930-986c12f88afd,Hyatt,76d7679c-2dd6-4a5b-9a73-db71c134b4c8,76d7679c-2dd6-4a5b-9a73-db71c134b4c8,2026-12-28,2027-01-01,1
mspzd,1c20d88b-215f-4ba1-9930-986c12f88afd,Hyatt,5869c0ef-cae5-4dc4-ae51-01517d432b1d,5869c0ef-cae5-4dc4-ae51-01517d432b1d,2026-12-29,2027-01-02,1
mspze,1c20d88b-215f-4ba1-9930-986c12f88afd,Hyatt,5b3bb8ff-f2e1-422f-bef2-d272d55d9a4e,5b3bb8ff-f2e1-422f-bef2-d272d55d9a4e,2026-12-30,2027-01-03,1
mspzs,1c20d88b-215f-4ba1-9930-986c12f88afd,Hyatt,a137ede6-e803-47bd-8a02-24f71a86cebb,a137ede6-e803-47bd-8a02-24f71a86cebb,2026-12-31,2027-01-04,1
msprb,1c20d88b-215f-4ba1-9930-986c12f88afd,Hyatt,4b0e88aa-3c22-44ab-af65-2d40010f055b,4b0e88aa-3c22-44ab-af65-2d40010f055b,2027-01-01,2027-01-05,1
msprm,1c20d88b-215f-4ba1-9930-986c12f88afd,Hyatt,a679b34f-b4a6-4efd-9b34-04586722c445,a679b34f-b4a6-4efd-9b34-04586722c445,2027-01-02,2027-01-06,1
gptzb,1c20d88b-215f-4ba1-9930-986c12f88afd,Hyatt,033fbb8f-f433-490a-99ad-af3063450dac,033fbb8f-f433-490a-99ad-af3063450dac,2027-01-03,2027-01-07,1
ubszc,1c20d88b-215f-4ba1-9930-986c12f88afd,Hyatt,17841741-3022-4c8e-909b-02943983e0a4,17841741-3022-4c8e-909b-02943983e0a4,2027-01-04,2027-01-08,1
janzr,1c20d88b-215f-4ba1-9930-986c12f88afd,Hyatt,6f26c87a-8133-49f1-8e63-6460d0444e81,6f26c87a-8133-49f1-8e63-6460d0444e81,2027-01-05,2027-01-09,1
mcijd,1c20d88b-215f-4ba1-9930-986c12f88afd,Hyatt,e9c67c63-0cf9-419a-bc2a-5ecffa854355,e9c67c63-0cf9-419a-bc2a-5ecffa854355,2027-01-06,2027-01-10,1
stlzc,1c20d88b-215f-4ba1-9930-986c12f88afd,Hyatt,c8a9474f-09f5-41f9-a2b5-093c77091600,c8a9474f-09f5-41f9-a2b5-093c77091600,2027-01-07,2027-01-11,1
stlrs,1c20d88b-215f-4ba1-9930-986c12f88afd,Hyatt,e021f3b3-b5c1-4133-a65e-4619100f356b,e021f3b3-b5c1-4133-a65e-4619100f356b,2027-01-08,2027-01-12,1
mcidh,1c20d88b-215f-4ba1-9930-986c12f88afd,Hyatt,5aafffbd-f718-49b6-8b21-d8b156bee7a1,5aafffbd-f718-49b6-8b21-d8b156bee7a1,2027-01-09,2027-01-13,1
sgfsl,1c20d88b-215f-4ba1-9930-986c12f88afd,Hyatt,3c6a7f73-1d5e-4f7c-bca7-202e96cc1353,3c6a7f73-1d5e-4f7c-bca7-202e96cc1353,2027-01-10,2027-01-14,1
lnkzl,1c20d88b-215f-4ba1-9930-986c12f88afd,Hyatt,b890fd9f-8ebb-41b0-8613-ab4b5090108d,b890fd9f-8ebb-41b0-8613-ab4b5090108d,2027-01-11,2027-01-15,1
omazo,1c20d88b-215f-4ba1-9930-986c12f88afd,Hyatt,8b6e47f3-3233-4818-89a9-d371f3fc84a6,8b6e47f3-3233-4818-89a9-d371f3fc84a6,2027-01-12,2027-01-16,1
laszl,1c20d88b-215f-4ba1-9930-986c12f88afd,Hyatt,5eda0142-ce79-4e28-a34a-9faea47c023c,5eda0142-ce79-4e28-a34a-9faea47c023c,2027-01-13,2027-01-17,1
laszs,1c20d88b-215f-4ba1-9930-986c12f88afd,Hyatt,c0d8d780-efe7-4759-9d15-cbeae4e5fe04,c0d8d780-efe7-4759-9d15-cbeae4e5fe04,2027-01-14,2027-01-18,1
rnoza,1c20d88b-215f-4ba1-9930-986c12f88afd,Hyatt,9f9010b6-f8d8-4240-a493-41a598eaf7b1,9f9010b6-f8d8-4240-a493-41a598eaf7b1,2027-01-15,2027-01-19,1
tvllt,1c20d88b-215f-4ba1-9930-986c12f88afd,Hyatt,3cd66bc3-5667-4b18-8632-9b869b5fd87a,3cd66bc3-5667-4b18-8632-9b869b5fd87a,2027-01-16,2027-01-20,1
tahsh,1c20d88b-215f-4ba1-9930-986c12f88afd,Hyatt,808557e7-8429-4868-a0ed-a15e90843bbd,808557e7-8429-4868-a0ed-a15e90843bbd,2027-01-17,2027-01-21,1
erwxa,1c20d88b-215f-4ba1-9930-986c12f88afd,Hyatt,8bc51fc8-710a-4a6f-a24a-e07cf01aa636,8bc51fc8-710a-4a6f-a24a-e07cf01aa636,2027-01-18,2027-01-22,1
lgaxj,1c20d88b-215f-4ba1-9930-986c12f88afd,Hyatt,15f2cdaf-644a-4fc0-811a-76b9bb78ee25,15f2cdaf-644a-4fc0-811a-76b9bb78ee25,2027-01-19,2027-01-23,1
morxm,1c20d88b-215f-4ba1-9930-986c12f88afd,Hyatt,586d46fe-e2be-44fe-9de6-49dba24587be,586d46fe-e2be-44fe-9de6-49dba24587be,2027-01-20,2027-01-24,1
phlxm,1c20d88b-215f-4ba1-9930-986c12f88afd,Hyatt,80d59406-35c7-4a8c-92d7-b0123dccc56f,80d59406-35c7-4a8c-92d7-b0123dccc56f,2027-01-21,2027-01-25,1
ewrxm,1c20d88b-215f-4ba1-9930-986c12f88afd,Hyatt,c0fd4d42-a72c-4c9a-a244-abc910bb91d8,c0fd4d42-a72c-4c9a-a244-abc910bb91d8,2027-01-22,2027-01-26,1
ewrxp,1c20d88b-215f-4ba1-9930-986c12f88afd,Hyatt,e2bbc83a-574b-4dd5-8319-eab48b777383,e2bbc83a-574b-4dd5-8319-eab48b777383,2027-01-23,2027-01-27,1
ewrzf,1c20d88b-215f-4ba1-9930-986c12f88afd,Hyatt,a6ad115d-a9e7-4750-b3f3-6be3ec3d6bd9,a6ad115d-a9e7-4750-b3f3-6be3ec3d6bd9,2027-01-24,2027-01-28,1
ewrzl,1c20d88b-215f-4ba1-9930-986c12f88afd,Hyatt,d9b0ef10-5b8d-4302-b32d-8ae82e8f3753,d9b0ef10-5b8d-4302-b32d-8ae82e8f3753,2027-01-25,2027-01-29,1
phlzm,1c20d88b-215f-4ba1-9930-986c12f88afd,Hyatt,ade34681-35b8-4714-b658-f336f8f3bee3,ade34681-35b8-4714-b658-f336f8f3bee3,2027-01-26,2027-01-30,1
ewrzp,1c20d88b-215f-4ba1-9930-986c12f88afd,Hyatt,b609703e-6bc9-4810-880a-92413efb56d1,b609703e-6bc9-4810-880a-92413efb56d1,2027-01-27,2027-01-31,1
ewrzs,1c20d88b-215f-4ba1-9930-986c12f88afd,Hyatt,39de5e54-c3f1-4616-af88-4d4822a73e6d,39de5e54-c3f1-4616-af88-4d4822a73e6d,2027-01-28,2027-02-01,1
newjp,1c20d88b-215f-4ba1-9930-986c12f88afd,Hyatt,9b06506f-259d-4029-a648-a7fe494097ca,9b06506f-259d-4029-a648-a7fe494097ca,2027-01-29,2027-02-02,1
morrm,1c20d88b-215f-4ba1-9930-986c12f88afd,Hyatt,74c3dc21-a973-41ab-8dd2-666160a14988,74c3dc21-a973-41ab-8dd2-666160a14988,2027-01-30,2027-02-03,1
ewrrn,1c20d88b-215f-4ba1-9930-986c12f88afd,Hyatt,33a744a2-092b-4fbb-91e4-0ab3f93e5185,33a744a2-092b-4fbb-91e4-0ab3f93e5185,2027-01-31,2027-02-04,1
princ,1c20d88b-215f-4ba1-9930-986c12f88afd,Hyatt,1548fa11-e001-4959-9817-98f2c9a1ab2a,1548fa11-e001-4959-9817-98f2c9a1ab2a,2027-02-01,2027-02-05,1
cnmxc,1c20d88b-215f-4ba1-9930-986c12f88afd,Hyatt,ade93113-90af-4fca-baea-e1b085d61ba5,ade93113-90af-4fca-baea-e1b085d61ba5,2027-02-02,2027-02-06,1
abqza,1c20d88b-215f-4ba1-9930-986c12f88afd,Hyatt,b3ac35b5-cc56-4bac-b5a0-7c2821052504,b3ac35b5-cc56-4bac-b5a0-7c2821052504,2027-02-03,2027-02-07,1
